Прізвище,Ім'я,По батькові,Стать,Дата народження,Посада,Місто,Адреса,Телефон,Email
Дробаха,Ярина,Арсенівна,Жіноча,26.03.1977,Програміст,селище Винники,"сквер Баркасний, буд. 6 кв. 1, Зимогір'я, 45474",+380 (42) 960-31-21,iustynahupalo@example.net
Романенко,Марта,Максимівна,Жіноча,08.05.1961,Бухгалтер,селище Буськ,"площа Дальницьке, буд. 5, Буринь, 17290",020 547-58-82,shapovalviacheslav@example.org
Філіпенко,Ольга,Максимівна,Жіноча,19.01.1982,Бухгалтер,село Великі Мости,"узвіз Івасюка Володимира, буд. 293, Ківерці, 30355",+380 20 904-27-88,ievhen02@example.net
Бакуменко,Лілія,Сергіївна,Жіноча,14.08.1961,Інженер,селище Дрогобич,"сквер Віталія Гуляєва, буд. 21 кв. 004, Кропивницький, 13182",026 82 21,karpenkosvitlana@example.net
Макаренко,Пріска,Іванівна,Жіноча,22.12.1993,Програміст,хутір Яворів,"проспект Савицький, буд. 2, Каховка, 63643",056 001-58-24,liza32@example.net
Конопля,Марта,Дмитрівна,Жіноча,24.08.1990,Адміністратор,місто Єнакієве,"набережна Житомирський 3-й, буд. 6 кв. 6, Кипуче, 80055",+380 85 586-47-34,mazurdanylo@example.net
Чуприна,Михайлина,Григорівна,Жіноча,01.06.1951,Програміст,село Герца,"провулок Керченський 2-й, буд. 408, Копичинці, 53897",+380 93 986-87-77,klavdiia97@example.net
Макогон,Юстина,Миколаївна,Жіноча,15.05.1988,Бухгалтер,село Мерефа,"площа Строганов міст, буд. 53 кв. 7, Тиврів, 28975",014 851-99-51,marusiahodunok@example.com
Талан,Софія,Іванівна,Жіноча,20.08.1957,Менеджер,хутір Олешки,"площа Тарутинська, буд. 728, Добропілля, 05222",132 02 56,zasukhaalbina@example.org
Вобла,Єлисавета,Іванівна,Жіноча,06.09.1982,Бухгалтер,місто Кагарлик,"вулиця Зоряна, буд. 8 кв. 34, Хотин, 84168",013 918-31-43,boryslavkalchenko@example.org
Зінченко,Орина,Григорівна,Жіноча,10.10.1979,Програміст,село Марганець,"вулиця Чернігівський, буд. 912, Андрушівка, 27471",003 301-39-53,bandurkaiaroslava@example.net
Черінько,Орина,Арсенівна,Жіноча,29.09.1972,Адміністратор,місто Ковель,"проспект 10-та Лінія 6-й ст. Люстдорфської дороги, буд. 3, Семенівка, 95386",+380 60 370 09 97,snizhana21@example.org
Рябець,Анжела,Дмитрівна,Жіноча,25.01.2007,Адміністратор,місто Ніжин,"сквер Старобазарний, буд. 8 кв. 885, Гнівань, 57778",014-30-25,pavlo44@example.com
Архипенко,Еріка,Юріївна,Жіноча,28.02.1964,Адміністратор,селище Верхівцеве,"проспект Павлодарська, буд. 249 кв. 43, Судова Вишня, 60989",+380 12 550 53 20,ishchenkoanton@example.org
Іщак,Едита,Миколаївна,Жіноча,01.05.1960,Програміст,село Ічня,"провулок Лазурний 1-й, буд. 510 кв. 3, Виноградів, 40023",+380 89 567-04-15,leon27@example.net
Черінько,Тереза,Степанівна,Жіноча,28.03.1967,Програміст,хутір Городок,"сквер Василя Данилевича, буд. 13 кв. 38, Бобровиця, 21424",093 509-31-34,priskadashkevych@example.com
Шухевич,Олена,Дмитрівна,Жіноча,10.02.1963,Інженер,хутір Переяслав,"парк Гвоздичний, буд. 3 кв. 5, Перечин, 64334",025 335 08 17,opanas89@example.com
Мамчур,Ірина,Миколаївна,Жіноча,21.02.1999,Менеджер,хутір Хирів,"сквер Слобідська, буд. 15 кв. 80, Люботин, 73855",+380 25 747-03-43,eduardoliinyk@example.org
Лисенко,Маруся,Григорівна,Жіноча,08.12.1957,Менеджер,селище Татарбунари,"набережна Гетьмана Сагайдачного, буд. 52, Суходільськ, 75675",+380 89 734 93 05,liubovlevchenko@example.com
Короленко,Олена,Степанівна,Жіноча,26.03.1997,Програміст,селище Алмазна,"сквер Разумовська, буд. 26, Молочанськ, 02747",+380 12 544-34-50,ckonoplia@example.net
Базилевська,Тереза,Олегівна,Жіноча,02.11.1990,Менеджер,село Сокиряни,"сквер Кладовищенська, буд. 72 кв. 566, Петрово-Красносілля, 30342",039 929-47-27,kbazylevych@example.net
Дейнека,Ліза,Максимівна,Жіноча,10.06.1967,Програміст,хутір Турка,"набережна Чорноморський 6-й, буд. 8, Кам'янець-Подільський, 45756",+380 19 354-56-41,andreikozynovii@example.com
Ковалюк,Одарка,Дмитрівна,Жіноча,25.07.1999,Адміністратор,хутір Корець,"набережна Авіаторів, буд. 395 кв. 24, Покров, 08688",+380 64 326-59-92,tereshchenkomilena@example.com
Франко,Емілія,Олександрівна,Жіноча,28.02.1953,Менеджер,село Тиврів,"проспект Учительський, буд. 99 кв. 04, Ходорів, 91045",+380 (35) 741-04-31,sviatoslava98@example.com
Доценко,Пріска,Ігорівна,Жіноча,26.01.1984,Бухгалтер,хутір Армянськ,"вулиця Лінія 55-та, буд. 0, Жмеринка, 24424",090 810 03 64,vsheremet@example.org
Юрчишин,Соломія,Богданівна,Жіноча,17.08.2006,Інженер,селище Татарбунари,"сквер Лїнія 1-ша, буд. 45, Старий Самбір, 44664",063 457 88 12,illiaolifirenko@example.net
Атрощенко,Оксана,Дмитрівна,Жіноча,26.04.1953,Адміністратор,село Жовква,"шосе Луцька, буд. 4 кв. 0, Зміїв, 39901",+380 (65) 734-47-68,sderehus@example.net
Дрозденко,Вікторія,Романівна,Жіноча,18.11.1995,Адміністратор,хутір Лиман,"вулиця Волокидіна, буд. 379, Долинська, 10048",+380 23 320-07-52,anastasiiatsiutsiura@example.org
Забара,Ярина,Андріївна,Жіноча,28.05.1950,Бухгалтер,селище Оріхів,"набережна Лінія 40-ва, буд. 787, Підгородне, 53039",074 674 63 01,liliiabaida@example.net
Павленко,Ірена,Степанівна,Жіноча,05.07.1948,Програміст,місто Донецьк,"сквер Іванівський переїзд, буд. 34, Подільськ, 39936",815-41-35,leonid58@example.com
Яценюк,Вікторія,Сергіївна,Жіноча,25.05.1997,Бухгалтер,хутір Дунаївці,"набережна Компасний, буд. 8, Мена, 15956",+380 (89) 049-88-19,khomenkoadam@example.com
Шухевич,Роксолана,Ігорівна,Жіноча,03.02.1959,Програміст,місто Сміла,"узвіз Кришталева, буд. 620, Тисмениця, 84385",911 34 67,pvelychko@example.com
Ярема,Надія,Юріївна,Жіноча,02.09.1998,Бухгалтер,хутір Перемишляни,"парк Глухівський, буд. 9 кв. 438, Рудки, 55304",+380 19 819-22-97,liliiakozak@example.net
Безбородько,Світлана,Павлівна,Жіноча,05.08.1967,Інженер,місто Гайсин,"сквер Економічний, буд. 4, Турка, 26610",+380 54 568-93-01,feofanzasukha@example.net
Худобʼяк,Лариса,Олегівна,Жіноча,02.08.1955,Адміністратор,місто Ржищів,"набережна Станційна 1-ша, буд. 655, Радивилів, 86004",+380 69 275-62-23,liashkovalentyn@example.net
Андріїшина,Альбіна,Володимирівна,Жіноча,15.08.1967,Бухгалтер,селище Петрово-Красносілля,"шосе Світанку, буд. 98 кв. 49, Славутич, 13445",+380 35 076-09-27,qnikoliuk@example.org
Даньків,Ада,Юріївна,Жіноча,17.10.2011,Бухгалтер,селище Новояворівськ,"проспект Високий, буд. 8 кв. 7, Берислав, 47627",+380 86 215-07-40,xfranko@example.net
Величко,Віолетта,Андріївна,Жіноча,17.04.2007,Бухгалтер,місто Волочиськ,"шосе Травневий 5-й, буд. 79 кв. 780, Немирів, 99144",071 157-37-13,zasiadkoiefrem@example.com
Литвиненко,Святослава,Андріївна,Жіноча,08.01.1959,Інженер,селище Оріхів,"парк Грецька, буд. 687, Рахів, 41538",+380 80 811 07 40,iurchyshynapetro@example.net
Хмара,Богуслава,Богданівна,Жіноча,11.01.2010,Менеджер,селище Боярка,"вулиця Дерибасівська, буд. 48, Славутич, 53072",+380 (80) 582-07-32,kabanenkoiarema@example.com
Єрмоленко,Марʼяна,Тарасівна,Жіноча,06.03.1977,Менеджер,місто Хотин,"площа Аеропортівський 5-й, буд. 677 кв. 228, Білогірськ, 45792",289 70 48,prokhir35@example.org
Архимович,Еріка,Сергіївна,Жіноча,17.02.1999,Бухгалтер,село Липовець,"вулиця Будівельний, буд. 4, Бердичів, 68201",+380 41 030-82-04,shyianoles@example.net
Деркач,Орина,Романівна,Жіноча,10.05.1979,Менеджер,хутір Кам'янець-Подільський,"набережна Луценка Івана, буд. 982 кв. 8, Хирів, 40908",292 26 46,bezditkoroman@example.com
Гук,Клавдія,Павлівна,Жіноча,08.10.2007,Бухгалтер,село Глобине,"площа Компасний, буд. 41 кв. 5, Новоазовськ, 08225",012 252-90-67,tbarannyk@example.com
Валенко,Вікторія,Романівна,Жіноча,06.02.1954,Бухгалтер,місто Черкаси,"парк Новоукраїнський, буд. 22, Красилів, 75149",+380 86 567-51-43,kamilla21@example.org
Худобʼяк,Софія,Василівна,Жіноча,15.02.2007,Адміністратор,місто Дніпро,"набережна Грузовий, буд. 62 кв. 470, Вашківці, 96771",624-39-96,symon65@example.org
Артимович,Софія,Павлівна,Жіноча,03.12.1962,Інженер,селище Комарно,"площа Аеропортівська, буд. 5, Роздільна, 45064",+380 37 215-52-32,hordii39@example.org
Ященко,Ада,Андріївна,Жіноча,01.07.1966,Бухгалтер,село Шепетівка,"проспект Військово-морських сил, буд. 245, Малин, 58804",800 86 79,aiemelianenko@example.net
Царенко,Марта,Андріївна,Жіноча,01.05.1963,Програміст,селище Великі Мости,"узвіз Гіацинтовий, буд. 5, Обухів, 64162",+380 50 845-81-66,mazuredyta@example.org
Чумак,Анастасія,Юріївна,Жіноча,20.05.1963,Програміст,село Дергачі,"провулок Дальницька, буд. 5 кв. 1, Сокологірськ, 75629",+380 (70) 962-37-91,szaichenko@example.net
Заруба,Аліна,Володимирівна,Жіноча,17.10.1955,Менеджер,місто Турка,"провулок Санаторний, буд. 575, Скалат, 76292",071 529-17-79,kostiantyn52@example.net
Засенко,Ірина,Романівна,Жіноча,26.07.1990,Бухгалтер,селище Радехів,"набережна Сабанський, буд. 1 кв. 161, Покров, 58188",+380 44 941 80 88,makohonkhrystyna@example.com
Савенко,Єва,Петрівна,Жіноча,31.03.1964,Бухгалтер,хутір Самар,"набережна Всеволода Змієнка, буд. 7, Теребовля, 50106",266-44-05,iustym78@example.com
Щербак,Галина,Миколаївна,Жіноча,26.06.1963,Менеджер,селище Бобровиця,"проспект Новий, буд. 91, Яворів, 63109",063 544 44 19,valentyna42@example.org
Рябець,Людмила,Богданівна,Жіноча,10.04.1956,Адміністратор,село Фастів,"провулок Кладовищний, буд. 42, Надвірна, 43850",570 41 70,bohodarromanchuk@example.com
Єресько,Богданна,Олегівна,Жіноча,18.07.2007,Програміст,місто Амвросіївка,"площа Скидановський узвіз, буд. 59, Путивль, 69567",969-40-27,daryna62@example.net
Скирда,Любов,Павлівна,Жіноча,21.07.1957,Бухгалтер,хутір Тульчин,"набережна 12-та Лінія 6-й ст. Люстдорфської дороги, буд. 96, Корсунь-Шевченківський, 16409",+380 08 520-29-90,samoilenkoanastasiia@example.org
Зайченко,Святослава,Ігорівна,Жіноча,16.10.1951,Менеджер,селище Зугрес,"площа Удільний, буд. 82, Голубівка, 89225",027 739 36 98,telizhenkoalla@example.com
Канівець,Лілія,Тарасівна,Жіноча,04.07.1962,Менеджер,хутір Берестечко,"проспект Софії Перовської, буд. 428, Кременець, 30861",+380 94 263-80-65,sychroman@example.net
Артимович,Святослава,Іванівна,Жіноча,25.12.1946,Програміст,селище Тульчин,"вулиця Туристський, буд. 403 кв. 28, Збараж, 65685",+380 25 226-28-24,sirchenkobohuslava@example.com
Артимович,Мілена,Василівна,Жіноча,14.11.1992,Адміністратор,селище Дніпро,"сквер Чорноморський 3-й, буд. 607, Ходорів, 02657",+380 79 857 80 49,ftaran@example.org
Ващенко,Віра,Іванівна,Жіноча,14.08.1960,Менеджер,селище Біляївка,"парк Паркова, буд. 850 кв. 2, Малин, 06969",308-36-58,uabramenko@example.com
Скорик,Оксана,Дмитрівна,Жіноча,22.03.2005,Менеджер,хутір Кременець,"узвіз Краснослобідська, буд. 4, Феодосія, 59886",148-96-58,iefrem84@example.net
Стець,Марʼяна,Тарасівна,Жіноча,10.05.1987,Програміст,селище Тлумач,"проспект Глухий міст, буд. 4 кв. 59, Буринь, 91650",+380 (57) 662-05-06,virakorbut@example.net
Христенко,Олена,Григорівна,Жіноча,08.08.1995,Інженер,місто Вараш,"набережна Китобійна, буд. 71 кв. 8, Баштанка, 89364",872-60-81,iustym10@example.net
Акименко,Орися,Тарасівна,Жіноча,22.12.2006,Інженер,місто Горохів,"проспект Промисловий, буд. 31, Залізне, 57815",+380 97 681-77-15,zubkomarta@example.com
Цюцюра,Юстина,Богданівна,Жіноча,05.10.1995,Бухгалтер,місто Бахчисарай,"сквер Василя Кандинського 2-й, буд. 8, Острог, 57604",+380 67 169-28-31,nzinkevych@example.com
Лаба,Валентина,Юріївна,Жіноча,17.07.2010,Програміст,село Кілія,"набережна Олександра Блока, буд. 92 кв. 1, Бар, 79575",233 67 81,tkachsvitlana@example.com
Черненко,Одарка,Григорівна,Жіноча,07.09.1951,Програміст,місто Моспине,"сквер Литавровий, буд. 062 кв. 7, Корюківка, 29056",682-26-65,arkadiishtokalo@example.com
Голик,Камілла,Іванівна,Жіноча,06.11.1972,Інженер,місто Ананьїв,"провулок Зелений, буд. 973 кв. 335, Здолбунів, 45824",+380 35 649-82-42,jlutsenko@example.com
Башполченко,Розалія,Андріївна,Жіноча,20.07.1952,Менеджер,хутір Кам'янка-Бузька,"площа Партизанська, буд. 3 кв. 80, Косів, 98353",006-47-64,daryna09@example.net
Ткач,Едита,Василівна,Жіноча,20.05.2003,Програміст,місто Покровськ,"сквер Стрийський, буд. 2, Тячів, 59761",+380 62 409 05 64,asavenko@example.com
Алексійчук,Еріка,Володимирівна,Жіноча,12.01.1963,Бухгалтер,місто Березне,"набережна Миколи Куліша, буд. 7, Черкаси, 37071",867 44 33,bdatsiuk@example.org
Асаула,Тереза,Миколаївна,Жіноча,17.04.1998,Адміністратор,селище Сіверськодонецьк,"вулиця Василя Стуса, буд. 846, Долина, 66991",555 27 03,larysa75@example.net
Абраменко,Анастасія,Тарасівна,Жіноча,19.05.1999,Бухгалтер,село Сватове,"парк Наявний 1-й, буд. 899 кв. 5, Білогірськ, 27080",535-28-52,babiakpetro@example.com
Червоненко,Михайлина,Григорівна,Жіноча,15.02.1980,Програміст,селище Хрестівка,"провулок Торгова, буд. 792 кв. 67, Молочанськ, 78004",889-91-70,khomakylymnyk@example.net
Ґжицька,Анастасія,Володимирівна,Жіноча,11.06.2000,Інженер,місто Ржищів,"шосе Йосипа Фішера, буд. 579, Тульчин, 77001",+380 25 756-11-79,demianchukdmytro@example.net
Ковалюк,Сніжана,Дмитрівна,Жіноча,22.06.1988,Менеджер,місто Харків,"набережна Старокінний, буд. 74, Новгород-Сіверський, 27171",+380 (08) 572-68-22,baranykmartyn@example.com
Царенко,Варвара,Ігорівна,Жіноча,02.06.1980,Бухгалтер,село Кремінна,"парк Канатний, буд. 945 кв. 635, Борзна, 85428",016 524-32-85,ievdokymenkoleonid@example.com
Христенко,Наталія,Олександрівна,Жіноча,26.11.1999,Інженер,хутір Мелітополь,"провулок Флотський 4-й, буд. 66 кв. 17, Нове Давидково, 06548",+380 12 627-46-60,ielyseiieshchenko@example.com
Лазаренко,Роксолана,Дмитрівна,Жіноча,07.09.1988,Програміст,хутір Радивилів,"шосе Морська, буд. 1 кв. 8, Вишневе, 32868",394-25-09,mkalchenko@example.com
Охримович,Наталія,Володимирівна,Жіноча,29.05.1992,Програміст,хутір Красноперекопськ,"площа Софії Перовської, буд. 81 кв. 55, Галич, 43906",+380 16 133 48 08,iefrem25@example.net
Пелех,Варвара,Дмитрівна,Жіноча,10.11.1993,Бухгалтер,місто Заводське,"набережна Садова 5-та, буд. 9, Глиняни, 01566",+380 77 398-22-08,pkybkalo@example.net
Вітрук,Віолетта,Василівна,Жіноча,13.01.1965,Програміст,селище Ніжин,"вулиця Лютневий 1-й, буд. 7 кв. 367, Бахмут, 58209",067-51-06,uorlyk@example.net
Каденюк,Оксана,Дмитрівна,Жіноча,27.07.1946,Програміст,хутір Гадяч,"провулок Скляна, буд. 1, Рожище, 64958",+380 79 225 21 63,baidaiarema@example.org
Деряжна,Ярина,Дмитрівна,Жіноча,15.05.1998,Інженер,місто Костопіль,"проспект Академічна, буд. 57, Новий Розділ, 25458",051 949-56-26,lchuiko@example.com
Стельмах,Варвара,Григорівна,Жіноча,10.11.1995,Менеджер,селище Кам'янець-Подільський,"площа Угорська, буд. 19, Калуш, 12670",+380 12 003 00 01,kovaliukanita@example.com
Їжак,Ірина,Арсенівна,Жіноча,23.07.1963,Інженер,село Березне,"проспект Добровольців, буд. 84, Єнакієве, 17003",462-52-58,prymachenkoviacheslav@example.net
Венгринович,Едита,Володимирівна,Жіноча,16.05.1982,Адміністратор,селище Вознесенськ,"провулок Євгена Крамаренка, буд. 2, Пологи, 34801",036 615-35-82,fprymachenko@example.org
Масляк,Марта,Олександрівна,Жіноча,02.08.1994,Бухгалтер,село Ясинувата,"шосе Нафтовиків 2-й, буд. 5 кв. 176, Світловодськ, 02561",001 716-00-14,zhaivoronandrii@example.com
Андріїшина,Варвара,Сергіївна,Жіноча,20.05.1990,Менеджер,хутір Рудки,"шосе Маловського, буд. 4 кв. 044, Білопілля, 33446",032 331-91-76,ievahohol@example.com
Лаба,Лариса,Тарасівна,Жіноча,17.11.1966,Інженер,село Городенка,"вулиця Спортивний, буд. 11, Новий Розділ, 95979",+380 02 047-77-99,eshylo@example.org
Колесниченко,Дарина,Тарасівна,Жіноча,24.11.2005,Адміністратор,село Копичинці,"вулиця Спортивний, буд. 4 кв. 5, Токмак, 06560",+380 (50) 174-63-45,ihorieromenko@example.org
Бгиденко,Людмила,Дмитрівна,Жіноча,17.07.1980,Бухгалтер,місто Білицьке,"узвіз Лузанівка, буд. 31, Скадовськ, 69113",213 73 88,goliashrozaliia@example.org
Гаврюшенко,Орина,Сергіївна,Жіноча,16.03.1972,Інженер,місто Ізмаїл,"сквер Улицька, буд. 3, Шпола, 63902",+380 50 024 45 00,davydenkohordii@example.net
Носенко,Лілія,Андріївна,Жіноча,25.09.1957,Менеджер,місто Золочів,"шосе Військово-морських сил, буд. 90, Хрестівка, 87186",018 104-35-86,heorhiisirko@example.net
Ткаченко,Ліза,Дмитрівна,Жіноча,16.07.1977,Інженер,хутір Генічеськ,"набережна Шостої 1-й, буд. 4 кв. 412, Армянськ, 50983",+380 56 476 93 92,pshamrai@example.com
Артимишин,Едита,Володимирівна,Жіноча,29.03.1946,Адміністратор,хутір Хмільник,"проспект Ганни Ахматової, буд. 70 кв. 2, Краматорськ, 54316",159-25-63,marusia27@example.com
Тригуб,Марта,Дмитрівна,Жіноча,09.11.1978,Інженер,село Білозерське,"набережна Кондрашина, буд. 0 кв. 452, Коростишів, 62456",+380 75 354-25-96,pavlo25@example.net
Бабариченко,Марія,Юріївна,Жіноча,20.09.1984,Інженер,місто Глиняни,"сквер Луценка Івана, буд. 129, Лебедин, 94647",042 555-28-32,alaba@example.net
Дейсун,Варвара,Андріївна,Жіноча,24.08.1946,Програміст,селище Олевськ,"площа Вузький, буд. 7, Чортків, 28563",092 643 21 64,yabramenko@example.org
Петренко,Ганна,Максимівна,Жіноча,21.11.2011,Бухгалтер,село Каховка,"сквер Міцкевича, буд. 5, Ізмаїл, 62367",+380 79 250-32-71,vashchenko-zakharchenkorozaliia@example.org
Єрьоменко,Еріка,Романівна,Жіноча,18.05.1982,Програміст,місто Макіївка,"сквер Князя Ярослава Мудрого, буд. 3, Збараж, 88088",074 79 16,trokhym83@example.com
Чумаченко,Олена,Дмитрівна,Жіноча,23.12.1961,Адміністратор,село Вовчанськ,"провулок Кругова, буд. 8 кв. 8, Середина-Буда, 87842",+380 82 202-28-94,solomiiaandriiovych@example.net
Цибуленко,Орина,Юріївна,Жіноча,31.03.1952,Програміст,село Овруч,"провулок Лиманчик 2-й Лінія 2-га, буд. 519 кв. 0, Заводське, 44157",+380 83 056 44 33,mykhailo46@example.net
Малишко,Віра,Олегівна,Жіноча,03.10.1975,Адміністратор,село Макіївка,"парк Середньофонтанський, буд. 63, Стрий, 09061",064 962-45-63,carkhymovych@example.org
Юрчишин,Ольга,Максимівна,Жіноча,25.07.2006,Програміст,село Теплодар,"парк Могилівська, буд. 43, Хуст, 02333",+380 26 463 84 86,avhustynusyk@example.org
Жаліло,Амалія,Григорівна,Жіноча,03.06.1965,Програміст,селище Мирноград,"сквер 14-та Лінія 6-й ст. Люстдорфської дороги, буд. 867, Брянка, 37852",+380 (27) 263-06-19,nbevz@example.net
Ірванець,Віра,Ігорівна,Жіноча,02.07.1987,Менеджер,селище Карлівка,"проспект Троїцька, буд. 03, Батурин, 19793",+380 35 263-61-43,viktormykytiuk@example.com
Бакуменко,Єва,Олександрівна,Жіноча,11.11.1987,Адміністратор,селище Моспине,"шосе Ювілейний 2-й, буд. 711 кв. 262, Апостолове, 20838",+380 33 382-37-12,okseniiabaturynets@example.org
Кальченко,Василина,Володимирівна,Жіноча,16.04.2008,Бухгалтер,хутір Українка,"вулиця Амбулаторна, буд. 1 кв. 56, Підгородне, 12223",095 972-67-85,zubkoiakiv@example.com
Дахно,Амалія,Дмитрівна,Жіноча,29.11.1997,Менеджер,село Броди,"узвіз Кленова, буд. 6 кв. 37, Татарбунари, 13704",+380 15 259-14-79,derkachviktor@example.net
Єщенко,Тереза,Андріївна,Жіноча,30.01.1955,Бухгалтер,хутір Сокиряни,"провулок Квітки-Основ’яненка, буд. 207, Носівка, 46624",+380 52 500-30-60,tymofiiiaremchuk@example.net
Чорновіл,Сніжана,Іванівна,Жіноча,23.08.1970,Інженер,місто Чоп,"провулок Овідіопольська дуга, буд. 730, Здолбунів, 81260",+380 93 077-01-98,hennadii40@example.com
Чміль,Лариса,Дмитрівна,Жіноча,19.09.1999,Інженер,селище Кривий Ріг,"проспект Студентський, буд. 540, Южноукраїнськ, 40955",035 822 13 77,azarbebeshko@example.net
Філіпенко,Анастасія,Степанівна,Жіноча,22.10.1999,Програміст,село Сквира,"узвіз Вапняний 1-й, буд. 32 кв. 42, Бучач, 32578",+380 (05) 939-34-98,levko28@example.org
Дейнека,Анастасія,Романівна,Жіноча,01.05.1955,Менеджер,місто Вуглегірськ,"парк Сінна, буд. 773, Радивилів, 95000",+380 (87) 634-13-57,zhrechanyk@example.net
Іщак,Володимира,Сергіївна,Жіноча,27.02.1946,Інженер,місто Богодухів,"набережна Лінія 39-та, буд. 062, Герца, 18348",034 341-09-53,lizazatovkaniuk@example.net
Вергун,Дарина,Максимівна,Жіноча,02.05.2005,Програміст,місто Токмак,"парк Слобідський узвіз, буд. 87, Львів, 17359",+380 55 474 03 48,danylenkookhrim@example.net
Євтушок,Ірина,Василівна,Жіноча,23.04.1961,Інженер,селище Люботин,"парк Ніни Строкатої, буд. 1, Кам'янка-Дніпровська, 32744",719-62-81,fdeineka@example.org
Андрусенко,Аліна,Олександрівна,Жіноча,15.09.1950,Програміст,село Сіверськ,"шосе Тополиний, буд. 7, Помічна, 08862",627 24 27,roman42@example.com
Назаренко,Орина,Іванівна,Жіноча,23.07.1957,Адміністратор,хутір Борзна,"набережна Деревообробний 1-й, буд. 1, Генічеськ, 36305",866 40 31,fhuk@example.com
Орлик,Володимира,Олександрівна,Жіноча,12.10.2007,Програміст,місто Ананьїв,"проспект Педагогічна, буд. 60, Баранівка, 41456",+380 27 941 16 84,viacheslav29@example.com
Лемешко,Богданна,Ігорівна,Жіноча,26.08.2010,Програміст,хутір Ланівці,"шосе Карпенка-Карого, буд. 64 кв. 200, Алчевськ, 53306",014 717 68 78,danchenkomykhailo@example.com
Цісик,Емілія,Юріївна,Жіноча,15.12.2005,Програміст,місто Сокиряни,"сквер Баркасний, буд. 72 кв. 836, Сквира, 53739",+380 89 347-88-60,tzakusylo@example.org
Артимишина,Розалія,Іванівна,Жіноча,27.08.1953,Інженер,місто Мала Виска,"набережна Дніпропетровська дорога, буд. 1 кв. 587, Миколаїв, 16342",044 645-74-17,viacheslavzatula@example.com
Тарасенко,Еріка,Андріївна,Жіноча,14.03.1995,Інженер,місто Генічеськ,"шосе Кордонний, буд. 02 кв. 2, Кілія, 10093",067 911-08-90,furssolomiia@example.org
Рябошапка,Віра,Петрівна,Жіноча,27.10.2000,Адміністратор,селище Калуш,"провулок Свободи, буд. 647, Ходорів, 56111",818 33 11,leonriabovil@example.com
Скиба,Альбіна,Тарасівна,Жіноча,14.07.1991,Менеджер,селище Виноградів,"площа Пассіонарії, буд. 82 кв. 99, Ясинувата, 89846",+380 24 145-54-68,kdutka@example.org
Чайка,Марина,Богданівна,Жіноча,12.09.1990,Бухгалтер,село Новий Калинів,"набережна Складська, буд. 375 кв. 884, Помічна, 52008",540-86-44,anastasiiaievdokymenko@example.org
Артюх,Віолетта,Тарасівна,Жіноча,23.02.1946,Інженер,хутір Жидачів,"узвіз Сливовий, буд. 5 кв. 514, Гуляйполе, 84809",665 96 62,martiushenko@example.net
Шинкаренко,Сніжана,Романівна,Жіноча,04.12.1997,Програміст,хутір Святогірськ,"шосе Тюльпанний, буд. 884, Городище, 89021",097 96 31,zorian65@example.com
Піддубна,Едита,Олександрівна,Жіноча,30.12.1990,Бухгалтер,селище Запоріжжя,"вулиця Сінна, буд. 3, Перечин, 36929",077 371 07 05,viacheslavbabych@example.com
Захарченко,Оксана,Романівна,Жіноча,26.03.2006,Програміст,місто Курахове,"набережна Астрономічний, буд. 133 кв. 262, Броди, 42415",816 29 73,petro06@example.net
Гайдабура,Валентина,Степанівна,Жіноча,12.07.1994,Бухгалтер,село Дебальцеве,"провулок Дачний 2-й, буд. 07, Решетилівка, 43291",+380 27 772 50 37,friaboshapka@example.org
Христенко,Мілена,Богданівна,Жіноча,26.08.2004,Програміст,село Кадіївка,"вулиця Контрадмірала Остроградського, буд. 39, Пирятин, 45663",927-59-85,tkachada@example.com
Самойленко,Едита,Максимівна,Жіноча,28.03.1970,Бухгалтер,місто Новгород-Сіверський,"парк Танкерна, буд. 91 кв. 3, Монастириська, 80390",+380 75 297 76 71,semen47@example.com
Артюшенко,Орина,Максимівна,Жіноча,15.12.1990,Бухгалтер,селище Татарбунари,"парк Ракетна, буд. 797 кв. 1, Костянтинівка, 12398",+380 87 791-21-69,antonmykhailychenko@example.net
Дрозд,Дарина,Андріївна,Жіноча,24.05.2010,Програміст,село Глобине,"узвіз Топольського, буд. 17, Біляївка, 62116",036 887-91-71,geregarostyslav@example.com
Доценко,Варвара,Дмитрівна,Жіноча,31.05.1981,Інженер,хутір Вишневе,"площа Сливовий, буд. 291, Енергодар, 26215",+380 69 145-79-09,danna71@example.com
Шеремет,Аліна,Василівна,Жіноча,18.02.1982,Менеджер,село Авдіївка,"вулиця Анатолія Бачинського, буд. 379, Чернівці, 21014",049 302 24 74,petrobaran@example.net
Артим,Лариса,Тарасівна,Жіноча,10.07.1986,Бухгалтер,хутір Кропивницький,"парк Миколи Плигуна, буд. 771 кв. 583, Носівка, 39303",+380 63 683-15-54,arkadiiandriievych@example.org
Оліфіренко,Єва,Володимирівна,Жіноча,23.04.1988,Менеджер,село Узин,"вулиця Тракторна, буд. 111 кв. 5, Підгайці, 63735",842-49-36,arsenkanivets@example.org
Ящук,Любов,Петрівна,Жіноча,02.09.1984,Менеджер,місто Славута,"шосе Перепечка, буд. 26, Болград, 75373",+380 04 251-13-40,nzhurba@example.net
Кириленко,Богуслава,Григорівна,Жіноча,31.07.1983,Адміністратор,хутір Кобеляки,"вулиця Василя Кричевського, буд. 7 кв. 33, Костянтинівка, 30776",+380 56 679-86-18,iesypenkoodarka@example.net
Червоненко,Ліза,Максимівна,Жіноча,06.02.1956,Програміст,село Алчевськ,"проспект Багринова, буд. 97 кв. 93, Кілія, 71332",+380 (93) 496-77-57,iukhym07@example.org
Захарченко,Василина,Павлівна,Жіноча,27.03.1980,Інженер,село Знам'янка,"площа Айвазовського, буд. 80, Арциз, 19449",419-23-41,aaron34@example.com
Дробʼязко,Лілія,Тарасівна,Жіноча,26.05.1988,Менеджер,селище Добромиль,"шосе Персикова, буд. 3, Городище, 91046",975-68-87,ovdovenko@example.com
Лагода,Орися,Сергіївна,Жіноча,17.03.1994,Програміст,селище Комарно,"сквер Танкерна, буд. 38, Херсон, 50633",+380 24 186-80-63,rchekaliuk@example.net
Кальченко,Святослава,Тарасівна,Жіноча,11.01.1959,Бухгалтер,село Нетішин,"вулиця Палубний, буд. 986 кв. 29, Кременець, 02259",078 976 37 61,alina48@example.com
Лагода,Єва,Григорівна,Жіноча,20.05.1998,Адміністратор,село Жидачів,"набережна Олександра Кошиця, буд. 7, Кременець, 94043",019 241 37 92,xiashchenko@example.net
Парасюк,Пріска,Ігорівна,Жіноча,24.05.1974,Програміст,село Яремче,"вулиця Хімічна, буд. 7, Саки, 39050",724-41-61,danylotsushko@example.net
Ребрик,Анжела,Григорівна,Жіноча,02.07.1982,Менеджер,хутір Олевськ,"площа Лінія 33-тя, буд. 339 кв. 2, Калинівка, 37657",049 683 62 12,roman39@example.net
Сацюк,Анастасія,Степанівна,Жіноча,30.06.1959,Бухгалтер,селище Андрушівка,"узвіз Професора Каришковського, буд. 4 кв. 9, Лозова, 01784",041 179-02-20,mykyta21@example.com
Сич,Ірена,Миколаївна,Жіноча,24.02.2010,Менеджер,хутір Могилів-Подільський,"провулок Виїзна, буд. 3, Косів, 83202",+380 68 179-44-42,khrystenkoemiliia@example.org
Бабиченко,Марʼяна,Григорівна,Жіноча,12.08.1977,Адміністратор,село Бунге,"сквер Штильова, буд. 493, Горішні Плавні, 25932",082 445 83 92,mykhailo92@example.com
Заїка,Соломія,Степанівна,Жіноча,21.12.1956,Інженер,село Бахчисарай,"сквер Палубна, буд. 6, Скадовськ, 07017",083 252 76 49,khrystynazasiadko@example.com
Конопля,Богуслава,Олександрівна,Жіноча,27.09.1975,Бухгалтер,місто Харцизьк,"узвіз Саймона Літмана, буд. 8 кв. 934, Луцьк, 56615",+380 01 566 99 61,ndanchuk@example.com
Голик,Ганна,Петрівна,Жіноча,08.02.1968,Адміністратор,село Сарни,"провулок Кредитний, буд. 92, Довжанськ, 48106",334 87 03,okseniiaiakovenko@example.org
Бабак,Наталія,Тарасівна,Жіноча,04.06.1956,Програміст,село Брянка,"провулок Віталія Блажка, буд. 0 кв. 315, Луганськ, 44136",+380 (09) 896-32-76,babiichukmykolai@example.net
Єресько,Галина,Сергіївна,Жіноча,08.01.2007,Бухгалтер,селище Чорноморськ,"сквер Каркашадзе, буд. 7 кв. 0, Попасна, 89860",+380 (59) 604-18-00,alevtyn01@example.net
Деряжна,Ольга,Сергіївна,Жіноча,07.04.1948,Адміністратор,хутір Ланівці,"шосе Жасминна, буд. 55 кв. 69, Старий Самбір, 11829",056 468 56 04,zdotsenko@example.org
Палій,Ада,Василівна,Жіноча,07.08.1996,Адміністратор,місто Зимогір'я,"узвіз Бардаха, буд. 1, Погребище, 36439",+380 11 783-37-65,iustyna89@example.org
Царенко,Розалія,Арсенівна,Жіноча,25.12.2006,Програміст,селище Новий Калинів,"площа Лузанівка, буд. 2, Бурштин, 92390",091 788 39 49,milenapiatachenko@example.org
Байда,Анжела,Володимирівна,Жіноча,08.05.1968,Адміністратор,селище Валки,"проспект Чубаївський, буд. 497, Лозова, 17182",+380 46 914 45 23,dhaievskyi@example.org
Гаврилець,Богуслава,Сергіївна,Жіноча,10.02.1956,Менеджер,хутір Полонне,"провулок Почаївська, буд. 901 кв. 80, Вашківці, 15943",+380 34 570 67 20,leontii92@example.com
Вобла,Оксенія,Андріївна,Жіноча,12.06.1974,Адміністратор,селище Берегове,"проспект Лиманчик 2-й Лінія 8-ма, буд. 4 кв. 0, Галич, 45610",+380 22 430 63 85,viemelianenko@example.net
Фесенко,Аніта,Сергіївна,Жіноча,25.03.1971,Менеджер,село Буча,"узвіз Радіо, буд. 924 кв. 3, Довжанськ, 47594",+380 14 927-26-65,iurchyshynvolodymyra@example.net
Палій,Марʼяна,Петрівна,Жіноча,09.09.1972,Програміст,місто Радивилів,"проспект Городня, буд. 022 кв. 80, Рахів, 97744",+380 61 027 90 34,pavlotkach@example.net
Петлюра,Варвара,Дмитрівна,Жіноча,26.04.1991,Адміністратор,село Вільногірськ,"парк Пироговська, буд. 870 кв. 301, Перещепине, 41054",010 824 38 92,spasolifirenko@example.net
Аронець,Наталія,Сергіївна,Жіноча,30.03.1962,Адміністратор,село Жашків,"парк Манежний, буд. 7 кв. 94, Шахтарськ, 52157",+380 64 826-13-34,ypoltavets@example.org
Башполченко,Соломія,Сергіївна,Жіноча,25.12.1971,Програміст,селище Хмільник,"парк Саксаганського, буд. 09 кв. 172, Дубровиця, 40916",122 95 74,albertmoskal@example.com
Тиха,Василина,Тарасівна,Жіноча,13.06.1968,Менеджер,хутір Трускавець,"провулок Сільська, буд. 2, Миколаїв, 16225",046 790-54-54,spiatachenko@example.net
Адамчук,Олена,Тарасівна,Жіноча,31.08.2000,Програміст,місто Златопіль,"набережна Пісочний, буд. 5, Донецьк, 97822",+380 24 045-36-48,kostiantynvitruk@example.net
Піддубна,Камілла,Дмитрівна,Жіноча,05.07.1958,Бухгалтер,село Тернопіль,"шосе Ланжеронівський узвіз, буд. 71, Новояворівськ, 05588",010 640 84 86,ostap75@example.com
Ґерус,Ярина,Володимирівна,Жіноча,03.06.1976,Бухгалтер,хутір Оріхів,"площа Горбатий міст, буд. 3, Покров, 14526",+380 83 016-18-49,jpetrenko@example.net
Черінько,Любов,Василівна,Жіноча,29.09.1962,Інженер,село Олешки,"проспект Садова 2-га, буд. 90, Христинівка, 29912",+380 96 809-69-42,hryhorii16@example.net
Франчук,Ярослава,Юріївна,Жіноча,22.02.1998,Програміст,село Сніжне,"набережна Наявний 6-й, буд. 5 кв. 59, Самар, 42159",047 619-60-38,anzhela85@example.com
Конопля,Наталія,Петрівна,Жіноча,26.07.1999,Бухгалтер,місто Тараща,"площа Пересипський 1-й, буд. 6, Новий Розділ, 07080",037 285-07-94,kostiantyn95@example.org
Єременко,Марта,Степанівна,Жіноча,30.06.2004,Програміст,хутір Новогродівка,"шосе Сабанський, буд. 704, Волноваха, 20876",446-65-92,htytarenko@example.net
Теліженко,Дарина,Тарасівна,Жіноча,01.10.1954,Програміст,місто Очаків,"провулок Чайкова, буд. 879 кв. 6, Енергодар, 40142",+380 33 001-69-96,eduardbaida@example.org
Дашенко,Вікторія,Миколаївна,Жіноча,20.04.2003,Інженер,хутір Привілля,"провулок Софіївська, буд. 539 кв. 49, Корсунь-Шевченківський, 93393",927 17 65,dbarannyk@example.com
Гайдабура,Соломія,Богданівна,Жіноча,12.04.1987,Програміст,селище Городок,"парк Джевецького, буд. 2 кв. 74, Гайсин, 68500",064 056-87-74,miroshnychenkostepan@example.org
Усик,Аліна,Григорівна,Жіноча,16.10.1952,Бухгалтер,місто Кобеляки,"узвіз Остапа Вишні, буд. 102, Пологи, 34341",+380 (78) 930-05-16,qshyian@example.org
Кибкало,Михайлина,Андріївна,Жіноча,21.06.1957,Менеджер,селище Обухів,"набережна Творча, буд. 4 кв. 948, Жашків, 77054",004 304-94-37,milenatverdokhlib@example.net
Кабаненко,Орися,Максимівна,Жіноча,27.08.1983,Бухгалтер,село Копичинці,"набережна Агрономічний, буд. 46, Обухів, 60612",264 47 93,sviatoslavbabiak@example.net
Їжак,Мілена,Романівна,Жіноча,11.05.1970,Адміністратор,місто Новодружеськ,"проспект Надії Пучковської, буд. 48 кв. 915, Шумськ, 95161",024 860 53 03,olena64@example.com
Лемешко,Оксана,Павлівна,Жіноча,23.07.1965,Бухгалтер,місто Білозерське,"вулиця Виставочна, буд. 138 кв. 02, Могилів-Подільський, 05966",+380 (28) 570-07-35,drozdenkopavlo@example.com
Гоголь,Марина,Степанівна,Жіноча,30.08.1948,Менеджер,село Помічна,"набережна Новощіпний ряд, буд. 77, Перещепине, 05787",+380 (37) 294-21-07,tsiutsiuraartem@example.org
Бабариченко,Єлисавета,Юріївна,Жіноча,13.05.2009,Інженер,місто Євпаторія,"сквер Чорноморський 10-й, буд. 18, Ровеньки, 13218",+380 51 713-96-91,leon01@example.com
Удовиченко,Марʼяна,Арсенівна,Жіноча,25.10.1968,Програміст,хутір Старокостянтинів,"набережна Змієнка Всеволода, буд. 1 кв. 80, Вишгород, 93684",+380 (35) 194-69-44,bvdovenko@example.org
Даценко,Олена,Тарасівна,Жіноча,30.11.1989,Адміністратор,село Ромни,"площа 16-та Лінія 6-й ст. Люстдорфської дороги, буд. 28, Синельникове, 56764",+380 (85) 921-64-74,danna65@example.com
Христенко,Святослава,Романівна,Жіноча,19.07.1983,Бухгалтер,хутір Калинівка,"парк Деревообробний 3-й, буд. 98 кв. 431, Бахчисарай, 93770",+380 (41) 275-42-07,symon12@example.org
Приходько,Еріка,Володимирівна,Жіноча,27.05.1989,Інженер,селище Чистякове,"проспект 15-та ст. Великого Фонтану пляж, буд. 98 кв. 0, Українськ, 49505",067 034 76 57,hchernenko@example.net
Артим,Христина,Павлівна,Жіноча,19.09.1948,Інженер,хутір Обухів,"площа Соборна, буд. 030 кв. 27, Гола Пристань, 90257",+380 01 501 64 87,korzhdanylo@example.org
Матвієнко,Володимира,Юріївна,Жіноча,19.04.1996,Адміністратор,місто Сіверськодонецьк,"вулиця Балтський 5-й, буд. 087 кв. 0, Золотоноша, 86115",056 635-73-50,snizhanazasukha@example.net
Ватаманюк,Маруся,Тарасівна,Жіноча,01.06.2001,Програміст,село Благовіщенське,"проспект Симфонічна, буд. 7, Кобеляки, 88067",054 225 92 83,chumakmakar@example.org
Свириденко,Маруся,Олегівна,Жіноча,24.09.1956,Менеджер,хутір Бахмут,"набережна Кондрашина, буд. 5 кв. 721, Болград, 44991",+380 63 887-34-88,oriaboshapka@example.com
Закусило,Аліна,Юріївна,Жіноча,13.06.1975,Бухгалтер,село Шумськ,"вулиця Ключовий 2-й, буд. 02 кв. 37, Комарно, 15992",+380 37 197 20 58,albertbandurka@example.com
Таран,Єва,Андріївна,Жіноча,15.05.2002,Інженер,хутір Брянка,"парк Юрія Коваленка, буд. 65, Балта, 09066",085 322-04-34,orkhypiakymchuk@example.org
Рябець,Алевтин,Андріївна,Чоловіча,24.06.2008,Інженер,місто Верхньодніпровськ,"узвіз Преображенська, буд. 36 кв. 25, Новий Калинів, 74410",+380 73 591-38-55,datsenkobohdanna@example.com
Зайченко,Стефан,Андріївна,Чоловіча,29.12.1991,Бухгалтер,селище Скадовськ,"узвіз Одеська, буд. 9, Голубівка, 88275",736 56 03,eduard77@example.com
Журба,Тарас,Андріївна,Чоловіча,24.06.1987,Бухгалтер,місто Сватове,"площа Пастера, буд. 921 кв. 962, Світлодарськ, 36005",481-39-22,tieroshenko@example.com
Бабʼюк,Амвросій,Андріївна,Чоловіча,01.02.1975,Менеджер,місто Гола Пристань,"площа Михайла Грушевського, буд. 5, Вилкове, 11849",+380 (25) 028-66-73,mlukash@example.org
Гаврюшенко,Веніямин,Андріївна,Чоловіча,18.04.1956,Програміст,хутір Нова Одеса,"сквер 4-та Лінія 6-й ст. Люстдорфської дороги, буд. 67 кв. 5, Чигирин, 72273",010 570 85 46,violettavakhnii@example.org
Лукаш,Гліб,Андріївна,Чоловіча,16.01.1963,Бухгалтер,хутір Старокостянтинів,"сквер Отрадна, буд. 01 кв. 8, Баранівка, 22086",+380 99 164 67 26,stepanchornovil@example.org
Деревʼянко,Мартин,Андріївна,Чоловіча,13.07.1986,Менеджер,хутір Баранівка,"проспект Північний, буд. 689, Обухів, 69570",+380 14 751-62-72,petrenkosolomon@example.com
Канівець,Андрій,Андріївна,Чоловіча,14.04.1965,Бухгалтер,селище Підгородне,"провулок Лінія 53-тя, буд. 01, Перечин, 78676",+380 (33) 143-28-14,mykhailoirvanets@example.net
Шаповал,Данило,Андріївна,Чоловіча,24.08.2003,Програміст,селище Жовква,"площа Кипарисний 2-й, буд. 327 кв. 25, Прилуки, 99699",+380 86 307-46-62,jmazepa@example.net
Кальченко,Алевтин,Андріївна,Чоловіча,17.10.1982,Програміст,село Новояворівськ,"вулиця Пересипський 2-й, буд. 814, Вишгород, 67050",097 339 08 06,orkhyp66@example.org
Примаченко,Демид,Андріївна,Чоловіча,28.06.1977,Адміністратор,селище Галич,"шосе Амундсена, 3-й, буд. 0 кв. 8, Зборів, 05726",+380 21 214-84-99,davyd96@example.com
Охримович,Адам,Андріївна,Чоловіча,26.01.1978,Бухгалтер,хутір Вільногірськ,"шосе Батуринська, буд. 02, Красногорівка, 94403",+380 06 661 64 68,rozaliiavivcharenko@example.net
Влох,Франц,Андріївна,Чоловіча,12.11.1998,Адміністратор,хутір Маріуполь,"набережна Марсельська, буд. 09 кв. 810, Бережани, 92393",855 11 92,ukybkalo@example.net
Лукаш,Панас,Андріївна,Чоловіча,05.05.1979,Програміст,хутір Білопілля,"площа Різницький, буд. 73, Хутір-Михайлівський, 54205",037 169 13 58,iemelianenkoomelian@example.net
Штокало,Олекса,Андріївна,Чоловіча,03.11.2005,Інженер,селище Новогродівка,"вулиця Слобідський узвіз, буд. 570, Татарбунари, 37054",+380 70 633-60-47,havrylo20@example.com
Фартушняк,Сергій,Андріївна,Чоловіча,25.08.1954,Менеджер,селище Сніжне,"парк Дальня, буд. 98, Старий Крим, 49687",+380 43 771-10-43,hennadii37@example.com
Демʼянчук,Леонтій,Андріївна,Чоловіча,19.03.1985,Бухгалтер,хутір Вінниця,"парк Локомотивний 3-й, буд. 8, Рожище, 04528",+380 16 368-12-85,leontiismyk@example.com
Шеремет,Максим,Андріївна,Чоловіча,26.03.2005,Менеджер,хутір Хрестівка,"набережна Бузковий, буд. 01, Хмільник, 71452",+380 25 670 08 67,cvitruk@example.net
Павленко,Володимир,Андріївна,Чоловіча,12.01.1964,Менеджер,село Покров,"вулиця Водопровідний 2-й, буд. 057 кв. 79, Федорівка, 51436",+380 64 120-83-95,demian42@example.net
Гресь,Павло,Андріївна,Чоловіча,08.04.1950,Бухгалтер,село Саки,"набережна Академіка Філатова, буд. 93, Олевськ, 39037",045 869 36 99,antonmykytiuk@example.net
Єременко,Миколай,Андріївна,Чоловіча,05.06.1988,Бухгалтер,село Нова Каховка,"шосе Водний, буд. 243 кв. 42, Армянськ, 03643",+380 (75) 802-97-81,irynafranko@example.net
Безбородько,Пармен,Андріївна,Чоловіча,11.09.1957,Менеджер,місто Галич,"набережна Залізничний 3-й, буд. 2, Переяслав, 46774",+380 50 118-13-68,sheremetaieva@example.org
Короленко,Ярослав,Андріївна,Чоловіча,26.07.1964,Адміністратор,місто Ялта,"проспект Надії Пучковської, буд. 80, Городище, 88512",+380 96 832-03-36,rzhurba@example.org
Гайденко,Сергій,Андріївна,Чоловіча,26.11.1984,Програміст,місто Енергодар,"узвіз Ключовий 2-й, буд. 88 кв. 64, Нове Давидково, 55052",+380 13 633-15-90,lizabaidak@example.org
Матяш,Олег,Андріївна,Чоловіча,17.11.1949,Менеджер,хутір Ямпіль,"площа Олександра Юрженка, буд. 45 кв. 780, Перещепине, 34852",422 03 94,panasneporozhnii@example.org
Власюк,Болеслав,Андріївна,Чоловіча,15.09.1946,Менеджер,хутір Глиняни,"вулиця Високий, буд. 845 кв. 90, Малин, 56786",+380 (70) 976-79-92,sirchenkoostap@example.com
Чабан,Павло,Андріївна,Чоловіча,14.08.1975,Бухгалтер,місто Каховка,"шосе Латвійський узвіз, буд. 2 кв. 918, Тростянець, 71231",087 413 74 98,ielyseizaiets@example.org
Єщенко,Святослав,Андріївна,Чоловіча,23.09.1950,Програміст,селище Новоград-Волинський,"вулиця Базарна, буд. 781, Зіньків, 56329",056 069-09-45,nikoliukoksana@example.net
Шахрай,Пантелеймон,Андріївна,Чоловіча,22.07.2004,Менеджер,село Армянськ,"провулок Крайня, буд. 50 кв. 657, Люботин, 59772",055 029-06-63,teodor91@example.net
Малик,Онисим,Андріївна,Чоловіча,30.04.2001,Менеджер,хутір Городня,"проспект Іони Отаманського, буд. 0 кв. 775, Волочиськ, 38954",020 142-01-02,hvashchuk@example.org
Андрієвич,Зорян,Андріївна,Чоловіча,14.08.1988,Бухгалтер,селище Біла Церква,"площа Мацієвської, буд. 98 кв. 02, Богуслав, 02233",387-79-16,hshablii@example.net
Фастенко,Леонтій,Андріївна,Чоловіча,31.05.1975,Адміністратор,селище Ялта,"узвіз Чорноморський 7-й, буд. 4, Ялта, 96486",+380 33 080 20 70,valerii97@example.com
Лубенець,Олександр,Андріївна,Чоловіча,21.05.1994,Менеджер,місто Городня,"парк Савранська, буд. 235, Конотоп, 16052",+380 00 033 46 46,stepankopytko@example.net
Демиденко,Соломон,Андріївна,Чоловіча,06.12.1962,Адміністратор,село Заліщики,"парк Остапа Вишні, буд. 901, Яремче, 50991",017 704 08 96,mykytademianchuk@example.org
Вахній,Августин,Андріївна,Чоловіча,10.05.1947,Інженер,місто Деражня,"сквер Хімічна, буд. 10, Апостолове, 61313",838-99-37,khrystynahavrylenko@example.org
Шеремета,Августин,Андріївна,Чоловіча,10.03.1966,Бухгалтер,хутір Підгайці,"набережна Просвіти, буд. 482 кв. 1, Гребінка, 66986",071 966 24 31,qlysenko@example.com
Дашенко,Борислав,Андріївна,Чоловіча,26.06.1965,Інженер,хутір Кривий Ріг,"вулиця Наявний 5-й, буд. 70, Люботин, 43211",+380 75 102-62-07,mykhailo24@example.com
Гайворонський,Іван,Андріївна,Чоловіча,26.09.2005,Бухгалтер,селище Радомишль,"сквер Петра Болбочана, буд. 34, Вільногірськ, 03114",175 79 96,serhiidevdiuk@example.com
Терещенко,Юхим,Андріївна,Чоловіча,12.05.1994,Бухгалтер,село Суходільськ,"сквер Маковий, буд. 54 кв. 178, Тлумач, 67405",+380 (13) 853-08-49,khomamishchenko@example.org
Бевзенко,Антон,Андріївна,Чоловіча,20.06.2010,Бухгалтер,село Жовті Води,"набережна Лугова, буд. 1, Путивль, 59659",+380 57 526-28-02,huzenkokyrylo@example.com
Демʼянюк,Нестор,Андріївна,Чоловіча,20.08.1960,Бухгалтер,місто Фастів,"парк Андреєвського, буд. 14 кв. 61, Ромни, 40733",+380 47 347-88-85,esirobaba@example.com
Дрозд,Віктор,Андріївна,Чоловіча,07.02.1987,Адміністратор,селище Скадовськ,"проспект Олександра Кошиця, буд. 9, Самбір, 80429",257-26-67,qlahoda@example.org
Яременко,Дмитро,Андріївна,Чоловіча,08.04.2010,Програміст,селище Конотоп,"площа Василя Фащенка, буд. 92 кв. 08, Київ, 63128",086 850 66 46,ilienkodaryna@example.com
Калениченко,Давид,Андріївна,Чоловіча,04.01.1956,Інженер,село Мостиська,"парк Бузковий, буд. 9 кв. 64, Ічня, 61620",+380 35 141-10-22,dkorpaniuk@example.com
Корж,Едуард,Андріївна,Чоловіча,21.04.1970,Менеджер,місто Снігурівка,"вулиця Лінія 32-га, буд. 772 кв. 2, Полонне, 05762",047 193 96 52,mykhailoieremenko@example.com
Приходько,Ярослав,Андріївна,Чоловіча,03.05.1989,Бухгалтер,селище Вижниця,"проспект Гена Іоганна, буд. 807 кв. 830, Буринь, 98957",554-84-08,martynorobets@example.org
Чаленко,Герман,Андріївна,Чоловіча,02.03.1949,Програміст,селище Івано-Франківськ,"проспект Байкал тупик, буд. 253 кв. 5, Мала Виска, 21313",309-95-10,vasyl19@example.org
Малишко,Герман,Андріївна,Чоловіча,21.04.1973,Менеджер,селище Рівне,"вулиця Соні Делоне, буд. 19, Тернопіль, 46230",066 462-08-81,bebeshkovitalii@example.net
Ірванець,Левко,Андріївна,Чоловіча,24.11.2004,Програміст,місто Самбір,"парк Лугова, буд. 09, Сіверськ, 72260",743 05 87,ivanychukbohdanna@example.org
Тягнибок,Петро,Андріївна,Чоловіча,30.04.1979,Інженер,село Дрогобич,"вулиця Технічний, буд. 6 кв. 881, Городок, 49019",+380 (07) 329-61-39,vysochanievhen@example.net
Стець,Аврелій,Андріївна,Чоловіча,14.04.1985,Менеджер,селище Амвросіївка,"провулок Творча, буд. 007 кв. 21, Сколе, 79046",+380 78 959-47-00,sivashchenko@example.com
Короленко,Станіслав,Андріївна,Чоловіча,26.04.1964,Адміністратор,місто Добропілля,"площа Березова, буд. 7 кв. 10, Долинська, 66711",+380 81 062-50-39,aleksiichuknestor@example.net
Юрченко,Тимофій,Андріївна,Чоловіча,26.05.1952,Інженер,місто Ямпіль,"парк Виноградний, буд. 2, Березне, 68596",+380 14 995-13-63,sofiiaiakymenko@example.com
Дурдинець,Симон,Андріївна,Чоловіча,04.12.1980,Бухгалтер,селище Збараж,"сквер Висока, буд. 47 кв. 88, Запоріжжя, 65156",044 414-95-11,boleslav10@example.net
Гузенко,Юстим,Андріївна,Чоловіча,04.05.1960,Адміністратор,село Угнів,"набережна Ольги Благовидової, буд. 0, Нікополь, 51870",+380 39 287-44-66,vasylrak@example.com
Зінкевич,Руслан,Андріївна,Чоловіча,05.08.1992,Менеджер,селище Городище,"парк Добровольців, буд. 570, Чистякове, 41320",064 541-89-39,parmenlevchenko@example.com
Колодуб,Лесь,Андріївна,Чоловіча,19.11.2007,Інженер,село Новоград-Волинський,"сквер Матроська Слободка , буд. 68 кв. 009, Новогродівка, 03938",+380 12 764 40 05,rieresko@example.net
Ковпак,Олесь,Андріївна,Чоловіча,19.03.1976,Інженер,село Берестин,"шосе Елеваторна, буд. 6 кв. 3, Маріуполь, 98965",+380 (42) 109-26-49,ilienkovolodymyr@example.org
Єсипенко,Панас,Андріївна,Чоловіча,31.05.1993,Бухгалтер,село Керч,"шосе Лютнева, буд. 70, Заліщики, 09109",662 74 26,veniiamyn59@example.net
Короленко,Пантелеймон,Андріївна,Чоловіча,15.12.1964,Програміст,місто Ржищів,"узвіз Лузанівський 2-й, буд. 3 кв. 320, Городище, 71237",055 661 35 75,havrylivavhustyn@example.net
Царенко,Гліб,Андріївна,Чоловіча,27.03.2009,Програміст,хутір Жмеринка,"узвіз Почаївська, буд. 1 кв. 7, Самбір, 30400",+380 20 728 51 49,gdatsiuk@example.com
Сірко,Антон,Андріївна,Чоловіча,10.05.1958,Програміст,село Карлівка,"парк Марсельська, буд. 68 кв. 28, Молочанськ, 58716",+380 49 086-63-58,liliia00@example.com
Шовкопляс,Віктор,Андріївна,Чоловіча,20.11.1994,Інженер,село Шептицький,"вулиця Матеріальний 1-й, буд. 5 кв. 99, Новоград-Волинський, 08584",030 428-14-73,zprokopovych@example.com
Якименко,Геннадій,Андріївна,Чоловіча,07.01.1978,Програміст,селище Українка,"провулок Хаджибейський 1-й, буд. 285, Христинівка, 70404",026-23-30,cvasylechko@example.com
Дергач,Марко,Андріївна,Чоловіча,03.02.2007,Інженер,хутір Хорол,"набережна Інглезі, буд. 46, Вугледар, 20471",+380 23 663 19 42,spetryk@example.net
Іванченко,Давид,Андріївна,Чоловіча,21.06.1984,Менеджер,село Новгород-Сіверський,"вулиця Пантелеймонівська, буд. 283 кв. 5, Херсон, 33567",026 341-75-14,vasylyna93@example.net
Стус,Пантелеймон,Андріївна,Чоловіча,18.04.1956,Інженер,селище Чистякове,"провулок Палубна, буд. 98 кв. 398, Тячів, 01904",696-76-26,andriishynvarvara@example.org
Алексеєнко,Орхип,Андріївна,Чоловіча,06.01.1972,Адміністратор,хутір Хуст,"проспект Училищна, буд. 1 кв. 606, Рубіжне, 90691",006 394-52-84,olehbabarychenko@example.net
Коваленко,Болеслав,Андріївна,Чоловіча,19.09.1958,Інженер,село Ніжин,"шосе Офіцерський 1-й, буд. 20 кв. 62, Липовець, 24872",+380 52 633-66-33,heorhiisatsiuk@example.net
Башполченко,Леон,Андріївна,Чоловіча,30.04.1955,Бухгалтер,місто Бунге,"сквер Басейний 6-й, буд. 4 кв. 578, Лубни, 91486",+380 41 295 57 99,omelian22@example.net
Лукаш,Федір,Андріївна,Чоловіча,16.11.1953,Менеджер,місто Трускавець,"вулиця Володимира Терещенка, буд. 62 кв. 01, Тисмениця, 79459",359-80-60,ihnat36@example.org
Гузь,Омелян,Андріївна,Чоловіча,30.03.1966,Інженер,хутір Вижниця,"набережна Надії Пучковської, буд. 0, Камінь-Каширський, 71121",064 38 21,hannabebeshko@example.org
Сагаль,Захар,Андріївна,Чоловіча,17.09.1966,Програміст,місто Волочиськ,"площа Чорноморський 5-й, буд. 9, Слов'янськ, 95350",+380 31 592-30-46,makaroliinyk@example.org
Михалюк,Ярослав,Андріївна,Чоловіча,30.03.1948,Програміст,місто Добропілля,"набережна Дорбуду, буд. 11, Одеса, 38375",+380 93 655 39 59,illiadzyndra@example.org
Шиян,Захар,Андріївна,Чоловіча,08.11.1960,Програміст,хутір Ковель,"проспект Кастуся Калиновського, буд. 9, Новодністровськ, 98245",+380 25 455-30-18,sheremetaboryslav@example.net
Малик,Йосип,Андріївна,Чоловіча,27.05.1951,Інженер,хутір Бунге,"проспект Чорноморська, буд. 4, Теплодар, 70984",+380 (26) 529-19-60,gerusliza@example.com
Архимович,Володимир,Андріївна,Чоловіча,04.09.2001,Адміністратор,хутір Генічеськ,"набережна Армійська, буд. 878 кв. 3, Борислав, 24873",607-03-51,ruslanchmil@example.org
Юхименко,Гліб,Андріївна,Чоловіча,04.06.1982,Програміст,селище Селидове,"площа Короткий, буд. 8, Хрустальний, 43940",+380 99 187 00 97,veniiamyn39@example.net
Бабійчук,Ярема,Андріївна,Чоловіча,28.04.1995,Менеджер,місто Кропивницький,"набережна 3-тя Лінія Марії Демченко, буд. 36 кв. 1, Узин, 66274",032 398 98 17,oleksa09@example.net
Чорновіл,Пилип,Андріївна,Чоловіча,03.12.1963,Бухгалтер,хутір Монастириська,"парк Миколи Вороного, буд. 8, Попасна, 14383",082 073 54 05,narkhypenko@example.org
Оліфіренко,Михайло,Андріївна,Чоловіча,02.06.1994,Адміністратор,село Яворів,"проспект Пілотна, буд. 66, Ямпіль, 71290",019 523-28-99,miurchenko@example.org
Абрагамовський,Пилип,Андріївна,Чоловіча,28.09.2002,Менеджер,місто Люботин,"площа Училищна, буд. 353 кв. 3, Куп'янськ, 20190",039 507-05-89,lchumachenko@example.net
Цюпа,Онисим,Андріївна,Чоловіча,05.06.1971,Бухгалтер,місто Новий Буг,"провулок Сьома, буд. 26, Козятин, 45840",+380 06 710-00-21,hermansych@example.net
Андріїшин,Євген,Андріївна,Чоловіча,10.04.1967,Програміст,село Берислав,"проспект Студентський 4-й, буд. 71, Голубівка, 60012",+380 (38) 852-37-27,andreikotymofii@example.net
Лупій,Єфрем,Андріївна,Чоловіча,20.12.1957,Програміст,хутір Корюківка,"проспект Проточний, буд. 2 кв. 268, Енергодар, 54446",+380 06 579 50 89,trokhymdatsenko@example.com
Рубець,Борислав,Андріївна,Чоловіча,06.05.1979,Адміністратор,селище Моспине,"набережна Радісний, буд. 4 кв. 051, Галич, 18131",+380 02 754-95-29,tchervonenko@example.org
Усик,Азар,Андріївна,Чоловіча,11.09.1977,Бухгалтер,хутір Тульчин,"шосе Машинобудівний, буд. 3, Володимир-Волинський, 48751",822-81-41,tymofiigerus@example.com
Мазепа,Данило,Андріївна,Чоловіча,01.05.1953,Адміністратор,місто Гуляйполе,"проспект Павла Клепацького, буд. 722 кв. 0, Сніжне, 91556",+380 15 856-68-18,iakivpanchuk@example.com
Малишко,Григорій,Андріївна,Чоловіча,22.10.1994,Програміст,село Теребовля,"сквер Бітумна, буд. 1 кв. 319, Кам'янка (Черкаська область), 01428",034 56 15,ctovstolis@example.com
Дараган,Олександр,Андріївна,Чоловіча,13.08.1998,Адміністратор,місто Горохів,"проспект Стражеска Миколи, буд. 73, Глобине, 77789",994 90 99,avreliishvedchenko@example.org
Ніколюк,Омелян,Андріївна,Чоловіча,19.09.1963,Бухгалтер,село Біла Церква,"набережна Лиманчик 2-й Лінія 4-та, буд. 3 кв. 1, Миколаїв, 37390",981-11-45,ievavysochan@example.org
Скирда,Теодор,Андріївна,Чоловіча,22.06.1971,Інженер,місто Немирів,"проспект Сергія Параджанова, буд. 7 кв. 3, Могилів-Подільський, 58830",+380 28 553-58-48,ivankabanenko@example.com
Макогон,Костянтин,Андріївна,Чоловіча,16.08.1953,Інженер,місто Чоп,"сквер Хаджибейський 3-й, буд. 8, Березівка, 95614",+380 (15) 004-86-30,khorishkomyroslav@example.org
Міщенко,Данило,Андріївна,Чоловіча,02.07.1998,Програміст,селище Андрушівка,"вулиця Пересипська 4-та, буд. 4, Таврійськ, 96372",069 560 04 66,feofan85@example.com
Стельмах,Юстим,Андріївна,Чоловіча,09.03.1959,Інженер,село Івано-Франківськ,"вулиця Польова, буд. 7 кв. 90, Зміїв, 46595",747 93 66,iarema88@example.net
Кабалюк,Валентин,Андріївна,Чоловіча,13.05.1966,Менеджер,хутір Скалат,"провулок Леха Качинського, буд. 434, Бориспіль, 97736",+380 (18) 817-60-66,haidaisolomon@example.org
Вахній,Олег,Андріївна,Чоловіча,10.07.2010,Інженер,місто Довжанськ,"проспект Ніни Строкатої, буд. 472, Мена, 09062",173-62-67,artem75@example.com
Сич,Орест,Андріївна,Чоловіча,05.02.2010,Інженер,селище Дубно,"парк 4-та Лінія Марії Демченко, буд. 36, Нова Каховка, 34005",092 782 38 21,cshvedchenko@example.com
Байрак,Пармен,Андріївна,Чоловіча,28.12.1967,Інженер,хутір Пирятин,"вулиця Бахмутська, буд. 144, Лохвиця, 53307",087-80-57,chekaliukiefrem@example.net
Артимович,Олесь,Андріївна,Чоловіча,30.12.1995,Менеджер,селище Бахмач,"сквер Садовського, буд. 182, Сновськ, 88056",+380 (15) 549-45-74,davyd99@example.com
Баранець,Сергій,Андріївна,Чоловіча,06.08.1984,Менеджер,місто Володимир-Волинський,"набережна Вертелецького, буд. 435 кв. 289, Радомишль, 49084",005 220 29 03,androshchukmarta@example.org
Мірошниченко,Миколай,Андріївна,Чоловіча,19.12.1976,Програміст,село Сквира,"узвіз Корнюшина, буд. 97, Винники, 07388",088 497 89 65,ada94@example.net
Дергач,Борислав,Андріївна,Чоловіча,20.02.1948,Інженер,місто Миргород,"набережна Восьмого березня, буд. 54 кв. 10, Кодима, 89881",008 051 22 62,maksymmasliak@example.org
Вахній,Ігор,Андріївна,Чоловіча,24.02.1962,Менеджер,селище Сорокине,"провулок Чорноморський 8-й, буд. 9 кв. 15, Горохів, 32173",068 887-59-32,nfranko@example.org
Пушкар,Гліб,Андріївна,Чоловіча,06.06.1999,Менеджер,село Андрушівка,"проспект Вокзальна, буд. 28, Путивль, 02073",051 106-06-98,onyshchenkooleh@example.net
Яременко,Владислав,Андріївна,Чоловіча,06.05.1978,Менеджер,хутір Вижниця,"парк Перший Кришталевий, буд. 074, Кролевець, 81095",346-74-56,xnazarenko@example.com
Титаренко,Лукʼян,Андріївна,Чоловіча,06.01.1948,Інженер,місто Скадовськ,"вулиця Мала, буд. 458 кв. 5, Теплодар, 79421",+380 06 146-47-36,pavloiarema@example.org
Бараник,Сергій,Андріївна,Чоловіча,20.06.1992,Менеджер,хутір Заліщики,"парк Решата Аметова, буд. 630 кв. 979, Коростишів, 11668",672 22 74,ciefymenko@example.net
Штепа,Яків,Андріївна,Чоловіча,22.12.1949,Інженер,селище Голубівка,"вулиця Бардаха, буд. 62 кв. 207, Барвінкове, 97686",027 910-25-71,smykvolodymyra@example.net
Носаченко,Володимир,Андріївна,Чоловіча,20.02.1960,Бухгалтер,село Березне,"провулок Краснослобідська, буд. 717, Бережани, 25898",037 854-27-17,fchupryna@example.net
Карпенко,Вʼячеслав,Андріївна,Чоловіча,23.05.2006,Програміст,місто Сіверськодонецьк,"парк Ясна, буд. 65 кв. 690, Привілля, 10646",027 498-60-26,tzaporozhets@example.org
Христенко,Юхим,Андріївна,Чоловіча,09.11.1951,Адміністратор,хутір Гайворон,"шосе Нескучна, буд. 55, Київ, 22012",055 820-64-00,cturkalo@example.com
Філіпенко,Миколай,Андріївна,Чоловіча,01.08.1990,Інженер,селище Златопіль,"набережна Вчительської, 2-й, буд. 87, Армянськ, 28711",+380 58 064-39-10,voblyiteodor@example.org
Шутько,Мирослав,Андріївна,Чоловіча,29.12.1955,Програміст,хутір Часів Яр,"шосе Миколи Боровського, буд. 967, Новодністровськ, 40897",023 990 54 40,violetta77@example.org
Гаврюшенко,Андрій,Андріївна,Чоловіча,24.02.2005,Програміст,село Генічеськ,"узвіз Олени Теліги, буд. 772, Білопілля, 78544",+380 06 253-85-89,herman57@example.net
Христич,Демид,Андріївна,Чоловіча,12.03.1983,Менеджер,місто Новогродівка,"площа Гетьманський, буд. 89 кв. 12, Ірміно, 68176",048 23 38,narkhypenko@example.org
Гуцуляк,Орхип,Андріївна,Чоловіча,26.07.2008,Бухгалтер,село Алупка,"набережна Волокидіна, буд. 98, Покров, 12207",759 26 16,tereza95@example.net
Опанасенко,Демʼян,Андріївна,Чоловіча,26.12.1963,Адміністратор,селище Барвінкове,"вулиця Українських Героїв, буд. 718 кв. 514, Могилів-Подільський, 49999",074 693-25-24,borysnosenko@example.net
Дейнека,Гаврило,Андріївна,Чоловіча,22.11.1973,Інженер,село Кіцмань,"парк Квіткова, буд. 344 кв. 857, Буськ, 75796",+380 17 269-39-64,ihnat42@example.org
Талан,Степан,Андріївна,Чоловіча,27.07.1951,Програміст,селище Селидове,"сквер Левадна, буд. 01 кв. 620, Немирів, 41620",+380 04 159 59 88,malykhryhorii@example.net
Щириця,Віктор,Андріївна,Чоловіча,14.04.1955,Адміністратор,місто Миколаївка,"провулок Академіка Ясиновського, буд. 14 кв. 98, Нова Каховка, 54763",843 71 88,iurchenkoprokhir@example.org
Приймак,Леон,Андріївна,Чоловіча,27.05.1995,Програміст,селище Алушта,"проспект Кар’єрна, буд. 87, Деражня, 16178",+380 72 634 34 02,zeibozhenko@example.net
Зарудний,Юстим,Андріївна,Чоловіча,17.10.1961,Менеджер,місто Новий Калинів,"шосе Іванова Ігоря, буд. 62 кв. 55, Дніпро, 36140",+380 98 958-34-45,barabashiosyp@example.org
Гаєвський,Аркадій,Андріївна,Чоловіча,10.06.2002,Адміністратор,селище Скадовськ,"узвіз Миколи Пильчикова, буд. 90 кв. 27, Березань, 58126",037 133-64-06,zynovii61@example.org
Дубина,Трохим,Андріївна,Чоловіча,02.07.1992,Інженер,селище Дніпрорудне,"проспект Нафтовиків 2-й, буд. 131, Сміла, 28532",+380 (09) 157-48-18,arsenychvenedykt@example.org
Іващенко,Захар,Андріївна,Чоловіча,20.01.2011,Бухгалтер,селище Кобеляки,"площа Пересипська 4-та, буд. 5, Житомир, 31344",035 433 32 61,hupalozakhar@example.org
Масоха,Юстим,Андріївна,Чоловіча,28.10.1984,Програміст,селище Бердичів,"шосе Чорничний, буд. 33 кв. 879, Мостиська, 40551",+380 54 042-01-36,symon66@example.com
Чаленко,Руслан,Андріївна,Чоловіча,20.10.1991,Програміст,хутір Калуш,"парк Пілотна, буд. 8, Макіївка, 84238",022 537 30 27,prymachenkoaaron@example.net
Вернигора,Леон,Андріївна,Чоловіча,12.08.1962,Адміністратор,місто Галич,"парк Петра Калнишевського, буд. 3, Белз, 79203",+380 71 448-24-46,geretaeduard@example.com
Базилевський,Богодар,Андріївна,Чоловіча,10.03.1983,Бухгалтер,селище Вашківці,"вулиця Перша, буд. 976, Зміїв, 78521",005 564-35-59,vitalii35@example.org
Яременко,Максим,Андріївна,Чоловіча,23.11.1988,Програміст,хутір Залізне,"провулок Багринова, буд. 497, Рожище, 52002",074 554-07-98,tvanchenko@example.org
Ємець,Климент,Андріївна,Чоловіча,05.12.1989,Бухгалтер,село Люботин,"площа Олександра Мурашка, буд. 235, Феодосія, 90382",097 632-88-23,qartym@example.com
Лаба,Спас,Андріївна,Чоловіча,19.01.1956,Інженер,село Шаргород,"сквер Учительський, буд. 5, Перемишляни, 72846",136-30-51,ivasiukedyta@example.net
Олійник,Аркадій,Андріївна,Чоловіча,31.05.1959,Адміністратор,місто Бердянськ,"провулок Родоканакі, буд. 74, Тиврів, 29153",040 543 52 89,prokhirkomar@example.com
Ажажа,Ігнат,Андріївна,Чоловіча,25.08.1962,Менеджер,селище Щастя,"сквер Скрипковий, буд. 275 кв. 420, Лебедин, 08973",+380 (21) 544-71-91,sdrobiazko@example.com
Яремчук,Георгій,Андріївна,Чоловіча,19.02.1954,Бухгалтер,місто Буськ,"парк Кредитний, буд. 4 кв. 5, Хирів, 06825",049 063 86 37,mykhaliukleonid@example.net
Макогон,Демʼян,Андріївна,Чоловіча,27.10.1995,Інженер,село Житомир,"вулиця Абрикосова, буд. 42 кв. 229, Моршин, 05197",+380 57 252-78-45,iakovenkoieva@example.org
Фоменко,Гліб,Андріївна,Чоловіча,26.03.1970,Інженер,село Охтирка,"вулиця Ігоря Кисельова, буд. 06 кв. 101, Богуслав, 48846",057 023 01 61,qbaranyk@example.net
Журба,Захар,Андріївна,Чоловіча,29.03.1986,Інженер,місто Генічеськ,"проспект Парашутний, буд. 409 кв. 3, Ромни, 67853",043 420 92 18,leopold42@example.com
Єрошенко,Максим,Андріївна,Чоловіча,28.01.1996,Інженер,селище Дубно,"набережна Овідіопольський, буд. 18, Олександрія, 27639",+380 63 993 66 08,zhuravelherman@example.org
Проценко,Болеслав,Андріївна,Чоловіча,18.01.2002,Менеджер,хутір Луганськ,"сквер Китобійний 2-й, буд. 9, Зміїв, 16176",+380 19 894 03 19,avreliisych@example.com
Товстоліс,Артем,Андріївна,Чоловіча,14.03.1984,Програміст,селище Кропивницький,"вулиця Бернардацці, буд. 1 кв. 51, Яготин, 36410",+380 80 819-88-54,fsirchenko@example.net
Сімашкевич,Болеслав,Андріївна,Чоловіча,30.04.1986,Інженер,хутір Путивль,"вулиця Технічний, буд. 4 кв. 3, Запоріжжя, 72823",+380 44 624-16-67,bohdannamazur@example.com
Демʼяненко,Орест,Андріївна,Чоловіча,14.03.1969,Менеджер,селище Шептицький,"площа Українська, буд. 462 кв. 051, Дебальцеве, 75774",+380 (79) 164-30-01,viktor54@example.com
Гоголь,Демʼян,Андріївна,Чоловіча,26.02.1962,Програміст,селище Монастириська,"парк 17-та Лінія 6-й ст. Люстдорфської дороги, буд. 026, Ходорів, 81420",203 56 92,zabilaihnat@example.org
Верхола,Олександр,Андріївна,Чоловіча,27.10.1963,Програміст,селище Узин,"узвіз Азербайджан, буд. 8 кв. 4, Семенівка, 06705",218 41 05,atelychenko@example.com
Шахрай,Георгій,Андріївна,Чоловіча,05.08.2008,Інженер,село Кам'янець-Подільський,"площа Кафедральна, буд. 693, Великі Мости, 07065",+380 (81) 365-30-65,arkadii71@example.org
Пелех,Владислав,Андріївна,Чоловіча,06.10.1975,Адміністратор,хутір Златопіль,"провулок Олександра Болдирєва, буд. 31, Прип'ять, 38372",048 091-05-19,ciakovenko@example.org
Шаповал,Ростислав,Андріївна,Чоловіча,06.11.1965,Адміністратор,село Чорноморськ,"площа Флотський 4-й, буд. 530 кв. 94, Бучач, 17774",795-31-17,ztytarenko@example.com
Рубець,Григорій,Андріївна,Чоловіча,25.10.1976,Інженер,село Коростень,"парк Миколаївський 1-й, буд. 4 кв. 9, Нововолинськ, 45710",876-08-37,ktymchuk@example.com
Лубенець,Юстим,Андріївна,Чоловіча,20.11.2001,Програміст,село Острог,"парк Кафедральна, буд. 44, Кагарлик, 55373",+380 60 082 95 73,tchala@example.net
Худобʼяк,Леопольд,Андріївна,Чоловіча,24.10.1970,Адміністратор,місто Костопіль,"вулиця Західний 2-й, буд. 864, Дніпрорудне, 69799",770-58-09,yvyshyvana@example.org
Комар,Соломон,Андріївна,Чоловіча,21.09.1967,Інженер,село Рівне,"узвіз Володимира Антоновича, буд. 1, Новояворівськ, 65355",+380 29 794 91 41,ymakarenko@example.org
Усик,Августин,Андріївна,Чоловіча,12.06.1953,Інженер,село Белз,"парк Лінія 37-ма, буд. 546 кв. 901, Стрий, 60620",958 91 27,hcharnysh@example.net
Деряжний,Станіслав,Андріївна,Чоловіча,18.05.1959,Менеджер,селище Кремінна,"набережна Закарпатська, буд. 264 кв. 54, Світлодарськ, 40806",042 905-91-29,kkopytko@example.net
Ісаєнко,Юхим,Андріївна,Чоловіча,19.03.1964,Адміністратор,селище Середина-Буда,"набережна Монгольська, буд. 355 кв. 491, Джанкой, 30406",339-38-35,artiukhodarka@example.net
Лисенко,Олекса,Андріївна,Чоловіча,03.11.1974,Менеджер,місто Інкерман,"сквер Глухий міст, буд. 8 кв. 96, Ланівці, 19586",234 77 85,usheremeta@example.org
Талан,Валентин,Андріївна,Чоловіча,03.05.2010,Бухгалтер,село Миронівка,"вулиця Прилуцький, буд. 28, Зоринськ, 57225",+380 (62) 486-06-06,anzhelaaverchenko@example.com
Артюх,Пармен,Андріївна,Чоловіча,20.06.1948,Інженер,хутір Шаргород,"провулок Ганни Ахматової, буд. 79 кв. 89, Городня, 67370",+380 86 971 99 88,tymofiidashenko@example.org
Карпа,Тарас,Андріївна,Чоловіча,11.10.1963,Бухгалтер,хутір Красилів,"набережна Астрономічна, буд. 18, Васильків, 82054",098 055-70-41,baranetsmilena@example.net
Вишняк,Юхим,Андріївна,Чоловіча,08.02.1947,Інженер,місто Бердянськ,"проспект Сливовий, буд. 9, Голубівка, 75909",074 558-91-40,sviatoslavademydenko@example.net
Адаменко,Гаврило,Андріївна,Чоловіча,28.05.1987,Інженер,хутір Вараш,"шосе Виноградна 3-тя, буд. 870 кв. 978, Рубіжне, 74996",+380 36 633-08-17,omelian98@example.com
Вертипорох,Леон,Андріївна,Чоловіча,29.05.1966,Бухгалтер,селище Феодосія,"шосе Навігаційний, буд. 91 кв. 918, Київ, 06215",112-21-93,liliialevchenko@example.org
Ґереґа,Руслан,Андріївна,Чоловіча,19.03.1962,Програміст,місто Радехів,"парк Віталія Гуляєва, буд. 16 кв. 29, Бершадь, 64952",163 01 68,ievhen10@example.net
Затовканюк,Владислав,Андріївна,Чоловіча,28.03.1971,Бухгалтер,село Сокиряни,"сквер Матроська Слободка , буд. 773, Курахове, 05774",059 630 58 87,ebabak@example.com
Лупій,Богодар,Андріївна,Чоловіча,20.07.2007,Програміст,село Вижниця,"узвіз Лиманчик 2-й Лінія 2-га, буд. 10, Карлівка, 53247",014 989-07-51,omeliandzhun@example.net
Власенко,Мирон,Андріївна,Чоловіча,22.01.1961,Бухгалтер,місто Ворожба,"провулок Госпітальний, буд. 113, Вишневе, 05272",089 145-72-24,feofan55@example.com
Євтушок,Михайло,Андріївна,Чоловіча,11.11.1990,Програміст,село Трускавець,"вулиця Ігоря Бедзая, буд. 47, Вашківці, 23272",073-88-41,chernenkomarusia@example.com
Шинкаренко,Антон,Андріївна,Чоловіча,28.03.1972,Програміст,селище Святогірськ,"проспект Цукровий, буд. 79 кв. 31, Почаїв, 97564",+380 99 764-37-38,parmen79@example.org
Гайда,Панас,Андріївна,Чоловіча,10.12.1970,Інженер,місто Сорокине,"вулиця Сергія Параджанова, буд. 89 кв. 89, Шахтарськ, 84507",009 640 49 40,gneporozhnii@example.net
Байрак,Охрім,Андріївна,Чоловіча,30.01.1954,Адміністратор,селище Сімферополь,"провулок Костанді 3-й, буд. 1, Кипуче, 77979",+380 29 310 40 81,utverdokhlib@example.com
Копитко,Кирило,Андріївна,Чоловіча,07.06.1994,Адміністратор,село Броди,"проспект Волтона, буд. 372, Перемишляни, 05921",+380 63 107-82-31,tsarenkoustym@example.com
Іваненко,Ростислав,Андріївна,Чоловіча,25.03.1965,Програміст,село Снятин,"проспект Наявний 6-й, буд. 75, Вишневе, 51178",458-94-11,davydenkomykyta@example.com
Журба,Ігнат,Андріївна,Чоловіча,23.10.1951,Менеджер,місто Бориспіль,"проспект Супутників, буд. 5, Євпаторія, 52999",+380 40 918-66-81,szubko@example.net
Тимчук,Остап,Андріївна,Чоловіча,31.12.1993,Інженер,місто Верхівцеве,"парк Юрія Коваленка, буд. 79, Долина, 75368",356-08-67,riaboshapkaanton@example.com
Байрак,Ігор,Андріївна,Чоловіча,16.05.1956,Інженер,село Володимир-Волинський,"парк Чернишевського, буд. 45, Соледар, 62917",085 767-60-37,dshynkarenko@example.net
Гайда,Андрій,Андріївна,Чоловіча,26.12.1999,Інженер,селище Городня,"набережна Троїцька, буд. 96, Стрий, 63133",006 815-73-34,parmen38@example.net
Даньків,Мирон,Андріївна,Чоловіча,24.05.1992,Менеджер,село Хутір-Михайлівський,"провулок Бісквітний, буд. 744 кв. 18, Гнівань, 29777",+380 72 161-33-96,eorobets@example.net
Давимука,Опанас,Андріївна,Чоловіча,15.12.1966,Менеджер,селище Почаїв,"узвіз Колекційна, буд. 38, Шепетівка, 16684",+380 23 162 29 45,iaremkohalyna@example.net
Шведченко,Артем,Андріївна,Чоловіча,26.03.2005,Адміністратор,село Корюківка,"узвіз Пилипа Орлика, буд. 99, Збараж, 39232",113 95 44,tverdokhlibieva@example.org
Іщенко,Ярема,Андріївна,Чоловіча,03.06.1971,Інженер,хутір Іловайськ,"проспект Геологічна, буд. 43 кв. 337, Миколаївка, 34060",+380 01 398-54-46,ihorshchors@example.org
Тесля,Ярема,Андріївна,Чоловіча,17.07.1964,Бухгалтер,хутір Лиман,"набережна Небесної Сотні, буд. 55, Винники, 64375",+380 19 821 60 62,romanhres@example.com
Бабич,Богодар,Андріївна,Чоловіча,09.03.1987,Адміністратор,село Тиврів,"сквер Восьмого Березня Лінія 1-ша, буд. 5 кв. 339, Козятин, 44558",+380 08 183-76-90,panteleimondavymuka@example.com
Гайда,Леонтій,Андріївна,Чоловіча,20.11.1955,Адміністратор,місто Боярка,"провулок Бардаха, буд. 7 кв. 744, Добромиль, 68779",062 936 27 25,iustym47@example.net
Калениченко,Юстим,Андріївна,Чоловіча,02.01.1965,Бухгалтер,місто Дніпрорудне,"шосе Академіка Богатського, буд. 13, Торецьк, 51843",959 03 19,snizhana86@example.net
Кальченко,Костянтин,Андріївна,Чоловіча,03.02.1951,Інженер,хутір Заводське,"шосе Донцова Дмитра, буд. 449 кв. 4, Герца, 65600",189 32 70,halynakalchenko@example.net
Стельмах,Опанас,Андріївна,Чоловіча,15.02.1995,Бухгалтер,село Зіньків,"парк Преображенська, буд. 7, Бережани, 33941",+380 87 803 01 48,larysa08@example.com
Лагода,Петро,Андріївна,Чоловіча,23.12.1995,Адміністратор,село Кременчук,"площа Різницький, буд. 4, Бурштин, 71159",+380 24 805-42-88,holykvasyl@example.org
Чарниш,Максим,Андріївна,Чоловіча,18.12.2003,Адміністратор,село Городок,"шосе Андрія Гулого-Гуленка, буд. 57 кв. 85, Тараща, 76611",515-75-85,hrechkokostiantyn@example.org
Михайличенко,Петро,Андріївна,Чоловіча,02.05.1957,Програміст,хутір Малин,"парк Альпіністів, буд. 9, Збараж, 97012",+380 24 226-68-09,ndrobakha@example.com
Бебешко,Ігор,Андріївна,Чоловіча,09.01.1979,Адміністратор,місто Марганець,"шосе Офіцерський 2-й, буд. 19 кв. 5, Новодністровськ, 78906",+380 (97) 689-47-08,rbabiichuk@example.com
Байда,Стефан,Андріївна,Чоловіча,26.10.1978,Менеджер,хутір Сквира,"набережна Ламаний, буд. 91 кв. 67, Зеленодольськ, 54513",047 586 65 59,yokhrimenko@example.net
Артюх,Єфрем,Андріївна,Чоловіча,12.11.1981,Менеджер,хутір Кам'янка (Черкаська область),"провулок Городня, буд. 36, Дунаївці, 20803",040 169-89-37,teslenkooleh@example.net
Носаченко,Ігнат,Андріївна,Чоловіча,21.11.2005,Бухгалтер,селище Зборів,"проспект Болградська, буд. 6, Біляївка, 15134",+380 (58) 840-91-62,lemeshkotetiana@example.com
Забарний,Олександр,Андріївна,Чоловіча,24.03.1970,Менеджер,місто Вашківці,"парк Лінія 38-ма, буд. 479, Сватове, 71140",+380 94 137 50 39,izhakkostiantyn@example.net
Журавель,Венедикт,Андріївна,Чоловіча,16.02.2010,Бухгалтер,місто Зугрес,"площа Мала Садова, буд. 747, Борзна, 45633",+380 (28) 574-60-02,baturynetsklyment@example.com
Масляк,Артем,Андріївна,Чоловіча,07.02.2005,Програміст,село Гнівань,"набережна Балтський 1-й, буд. 6, Апостолове, 64225",042 778 03 33,lkybkalo@example.com
Вітрук,Мирослав,Андріївна,Чоловіча,04.04.1964,Інженер,село Мирноград,"набережна Трамвайна, буд. 682 кв. 23, Каховка, 89614",+380 26 705-57-30,omeliandutka@example.org
Товстуха,Данило,Андріївна,Чоловіча,03.11.2000,Бухгалтер,хутір Трускавець,"шосе Трамвайний, буд. 486 кв. 5, Нова Каховка, 99534",048 65 96,zhaivoronolena@example.net
Пустовіт,Франц,Андріївна,Чоловіча,09.05.1962,Інженер,хутір Рогатин,"площа Вапняний 1-й, буд. 7 кв. 861, Підгайці, 11240",+380 82 875-78-80,fedirshchyrytsia@example.com
Затовканюк,Володимир,Андріївна,Чоловіча,21.02.1995,Інженер,селище Вижниця,"парк Соборна, буд. 73 кв. 70, Зборів, 39309",478 48 89,nataliiacharnysh@example.com
Ярема,Демид,Андріївна,Чоловіча,04.12.1996,Інженер,село Комарно,"узвіз Лиманчик 2-й Лінія 5-та, буд. 8 кв. 81, Вашківці, 74927",096 362-07-42,khrystyna93@example.net
Бабенко,Юхим,Андріївна,Чоловіча,15.08.1962,Бухгалтер,селище Гірник,"площа Восьмого березня 1-й, буд. 138 кв. 759, Перемишляни, 56356",039 953 16 09,pavlykroman@example.net
Андрієнко,Кирило,Андріївна,Чоловіча,03.09.1976,Адміністратор,село Шахтарське,"шосе Леопольда Ященка, буд. 38 кв. 664, Мала Виска, 69614",201 37 44,iakivkorpaniuk@example.net
Джунь,Станіслав,Андріївна,Чоловіча,10.05.1956,Бухгалтер,хутір Березівка,"сквер Тюльпанний, буд. 6 кв. 6, Ірміно, 28572",023 111 06 68,bandurkapavlo@example.com
Андрієнко,Андрій,Андріївна,Чоловіча,19.09.1963,Програміст,місто Остер,"площа Лінія 24-та, буд. 2, Немирів, 38114",+380 (63) 531-53-03,iakiv65@example.com
Артимишин,Роман,Андріївна,Чоловіча,16.12.1977,Бухгалтер,місто Комарно,"площа Лінія 37-ма, буд. 5 кв. 5, Рогатин, 71722",772-12-15,volodymyranehoda@example.net
Конопленко,Олександр,Андріївна,Чоловіча,24.07.1964,Менеджер,місто Єнакієве,"сквер Немировича-Данченка, буд. 868 кв. 176, Авдіївка, 68591",452-21-64,saienkobohuslav@example.com
Нестеренко,Костянтин,Андріївна,Чоловіча,30.10.1947,Інженер,село Броди,"провулок Дальній, буд. 0, Підгайці, 77310",+380 20 716 15 46,shvachkaliubov@example.net
Луценко,Артем,Андріївна,Чоловіча,23.12.1974,Менеджер,місто Перечин,"провулок Костанді 3-й, буд. 4, Покров, 31381",+380 28 838-73-85,opanasnikoliuk@example.com
Андрусенко,Нестор,Андріївна,Чоловіча,05.03.2001,Менеджер,село Судак,"сквер Штурвальна, буд. 5, Гадяч, 82511",401-71-74,serhii42@example.org
Абрамчук,Руслан,Андріївна,Чоловіча,10.12.1989,Інженер,місто Городенка,"сквер Космонавтів, буд. 3, Новоазовськ, 66246",+380 18 818-59-20,oles21@example.net
Чубай,Станіслав,Андріївна,Чоловіча,28.06.1998,Адміністратор,хутір Ясинувата,"провулок Гвоздична, буд. 5, Докучаєвськ, 41187",+380 61 366-59-48,tereshchukodarka@example.net
Шаповал,Дмитро,Андріївна,Чоловіча,13.04.1994,Програміст,селище Новий Калинів,"провулок Косовська, буд. 1, Балаклія, 12054",687 15 29,hordii99@example.net
Швачко,Омелян,Андріївна,Чоловіча,18.10.2008,Програміст,хутір Березівка,"набережна Литавровий, буд. 9, Арциз, 99484",+380 (03) 369-38-52,kashchenkohennadii@example.net
Шаповал,Євген,Андріївна,Чоловіча,30.08.1991,Менеджер,селище Луцьк,"проспект Лиманчик 2-й Лінія 11-та, буд. 3, Сіверськ, 32114",+380 05 228-87-31,feofan44@example.org
Дацюк,Борислав,Андріївна,Чоловіча,03.07.1959,Інженер,селище Южноукраїнськ,"проспект Навігаційний, буд. 5 кв. 462, Тлумач, 09072",+380 41 789-51-61,ikyrylenko@example.net
Баранник,Арсен,Андріївна,Чоловіча,30.08.2000,Програміст,місто Бахчисарай,"набережна Панаса Мирного, буд. 31, Южноукраїнськ, 98426",+380 97 837-00-44,orest16@example.org
Устенко,Ігор,Андріївна,Чоловіча,22.02.2009,Менеджер,село Горішні Плавні,"парк Наявний 4-й, буд. 99, Лозова, 99062",071 801 05 62,panassaienko@example.net
Удовиченко,Зиновій,Андріївна,Чоловіча,30.04.1994,Бухгалтер,місто Сіверськодонецьк,"площа Сумська, буд. 14, Лозова, 81678",+380 85 084-26-03,vadymhavrylenko@example.org
Левченко,Азар,Андріївна,Чоловіча,17.08.1994,Бухгалтер,село Алчевськ,"проспект Давида Ойстраха, буд. 7 кв. 99, Ровеньки, 80081",+380 89 505 54 98,viktoriiaisaienko@example.com
Скорик,Демид,Андріївна,Чоловіча,03.01.1956,Адміністратор,селище Макіївка,"набережна Дерибасівська, буд. 99, Дубляни, 73245",494 43 38,onysymdavydenko@example.com
Фесенко,Євген,Андріївна,Чоловіча,23.04.1995,Менеджер,село Чуднів,"шосе Отамана Чепіги, буд. 92 кв. 272, Іллінці, 31454",+380 (18) 316-57-73,fastenkovasylyna@example.com
Носенко,Владислав,Андріївна,Чоловіча,29.03.2009,Інженер,хутір Рахів,"провулок Офіцерський 1-й, буд. 9, Лозова, 14726",+380 17 577-39-96,kyrylo15@example.com
Килимник,Назар,Андріївна,Чоловіча,27.06.1998,Менеджер,село Прилуки,"вулиця Володимира Антоновича, буд. 2 кв. 127, Апостолове, 13180",+380 15 919-90-00,tetianaholoborodko@example.com
Венгринович,Аарон,Андріївна,Чоловіча,24.09.2004,Менеджер,село Бердичів,"провулок Заводська, буд. 903, Скалат, 32264",+380 81 052-19-55,mgereta@example.com
Тимченко,Святослав,Андріївна,Чоловіча,27.11.1999,Інженер,місто Токмак,"сквер Джерельна, буд. 96 кв. 1, Балаклія, 84940",+380 (18) 357-34-73,wkyrylenko@example.org
Тесленко,Мартин,Андріївна,Чоловіча,28.09.1974,Менеджер,селище Кам'янка-Дніпровська,"провулок Рекордний, буд. 70 кв. 557, Алупка, 77911",+380 29 347-45-40,batihsemen@example.org
Корбут,Назар,Андріївна,Чоловіча,19.01.1977,Бухгалтер,місто Дунаївці,"узвіз Прибережний, буд. 01 кв. 530, Торецьк, 23722",457-69-92,derhachmarta@example.org
Чалий,Іван,Андріївна,Чоловіча,17.01.1981,Бухгалтер,місто Новодружеськ,"сквер Ігоря Балмагії, буд. 825, Хмельницький, 54802",040 539-70-20,wzhalilo@example.com
Яремків,Пармен,Андріївна,Чоловіча,28.09.1959,Програміст,хутір Свалява,"сквер Старопортофранківська, буд. 6, Бориспіль, 32935",040 606-13-53,hukerika@example.org
Артюшенко,Амвросій,Андріївна,Чоловіча,22.04.1956,Бухгалтер,хутір Нововолинськ,"узвіз Розумовський 2-й, буд. 33, Зоринськ, 90260",+380 97 311-89-87,pylyp92@example.org
Балабан,Зорян,Андріївна,Чоловіча,22.02.1949,Інженер,село Турка,"шосе Матроський узвіз, буд. 5, Олешки, 13851",027-25-40,artiushenkosymon@example.org
Сагаль,Миколай,Андріївна,Чоловіча,19.12.1984,Інженер,селище Ходорів,"узвіз Серединський, буд. 4 кв. 6, Бровари, 43878",014 39 81,vasylyna10@example.org
Корбут,Ростислав,Андріївна,Чоловіча,01.09.1976,Бухгалтер,місто Зіньків,"проспект Тополиний, буд. 126 кв. 953, Васильків, 83356",112 57 70,malyshkohavrylo@example.org
Гоголь-Яновський,Олександр,Андріївна,Чоловіча,27.04.2011,Бухгалтер,селище Енергодар,"провулок Малинова, буд. 70, Миронівка, 37052",+380 (34) 020-64-75,ldanko@example.com
Даценко,Ілля,Андріївна,Чоловіча,17.05.1984,Інженер,місто Новодружеськ,"набережна Елеваторна, буд. 96, Хрустальний, 77895",+380 70 414-29-97,xmakohon@example.net
Забарний,Аарон,Андріївна,Чоловіча,02.10.1966,Бухгалтер,село Білгород-Дністровський,"проспект Левкоєва, буд. 982 кв. 875, Покровськ, 42923",+380 31 274-99-63,valentyn04@example.net
Бабич,Богуслав,Андріївна,Чоловіча,30.08.1998,Інженер,селище Сватове,"вулиця Матроський, буд. 10, Міусинськ, 32604",008 211 74 75,zholoborodko@example.com
Бараник,Борис,Андріївна,Чоловіча,17.11.1995,Адміністратор,село Стебник,"шосе Складська, буд. 6 кв. 0, Хотин, 44279",069 685-31-08,bkorbut@example.org
Романчук,Валентин,Андріївна,Чоловіча,23.11.2011,Адміністратор,селище Новомиргород,"площа Артилерійська, буд. 166 кв. 85, Жмеринка, 19904",037-12-67,kgerus@example.org
Тесля,Феофан,Андріївна,Чоловіча,07.12.1993,Інженер,хутір Роздільна,"набережна Заводська 1-ша, буд. 458 кв. 20, Барвінкове, 87657",076 240-30-91,qshchors@example.net
Шаповал,Аарон,Андріївна,Чоловіча,31.01.1946,Менеджер,село Львів,"набережна Мала, буд. 469 кв. 49, Лохвиця, 64708",+380 34 305-60-29,iustyna65@example.net
Абрамчук,Трохим,Андріївна,Чоловіча,29.04.2002,Адміністратор,село Горохів,"проспект Майстерний, буд. 7, Кам'янка-Бузька, 07058",791-51-25,volodymyra29@example.com
Андрійчук,Хома,Андріївна,Чоловіча,05.02.2007,Менеджер,місто Докучаєвськ,"проспект Академіка Липського, буд. 588 кв. 756, Гайсин, 12940",+380 93 348-71-05,tymofiiavdieienko@example.net
Артим,Станіслав,Андріївна,Чоловіча,26.12.1967,Програміст,село Ясинувата,"парк Складська, буд. 804, Таврійськ, 72555",619 93 04,emiliia96@example.com
Єременко,Зорян,Андріївна,Чоловіча,14.04.2008,Бухгалтер,місто Мукачево,"набережна Східчастий 3-й, буд. 359, Судак, 91498",551-91-60,liudmylabaran@example.org
Заєць,Богуслав,Андріївна,Чоловіча,10.07.1972,Програміст,хутір Хорол,"площа Луценка Івана, буд. 55 кв. 023, Авдіївка, 14417",067 781-19-44,ovcharenkostefan@example.com
Валенко,Єлисей,Андріївна,Чоловіча,31.03.1976,Менеджер,хутір Ічня,"площа Суперфосфатна, буд. 3, Вижниця, 80393",+380 (51) 620-51-11,alla34@example.net
Скоробогатько,Арсен,Андріївна,Чоловіча,28.04.1971,Інженер,селище Бібрка,"парк 7-ма Лінія Дачі Ковалевського, буд. 70 кв. 35, Зугрес, 89667",+380 41 804 35 16,nataliiapavlychenko@example.com
Шовкопляс,Богдан,Андріївна,Чоловіча,20.06.2003,Програміст,село Чоп,"шосе Лінія 38-ма, буд. 4 кв. 29, Синельникове, 60016",986 99 67,tetianaieremenko@example.net
Тарасенко,Стефан,Андріївна,Чоловіча,14.10.1985,Інженер,хутір Монастирище,"провулок Лінія 36-та, буд. 23, Ізмаїл, 05623",+380 56 356-69-18,zoriantychyna@example.org
Тарасенко,Опанас,Андріївна,Чоловіча,08.01.2009,Адміністратор,хутір Умань,"вулиця Новосельского, буд. 790 кв. 0, Сокаль, 16440",+380 57 780 91 39,ieremenkoborys@example.net
Конопленко,Богуслав,Андріївна,Чоловіча,28.07.1946,Інженер,село Голубівка,"площа Миколи Вороного, буд. 59 кв. 32, Жданівка, 59781",+380 59 953-36-25,anzheladerkach@example.com
Жаліло,Алевтин,Андріївна,Чоловіча,02.11.2008,Інженер,селище Болград,"провулок Танкістів, буд. 6, Тульчин, 50746",043-65-70,vakhniiserhii@example.net
Симоненко,Тимофій,Андріївна,Чоловіча,29.08.1948,Програміст,селище Чистякове,"площа Лїнія 1-ша, буд. 1 кв. 2, Саки, 69038",+380 73 980-87-33,syrotenkotrokhym@example.net
Гуцуляк,Максим,Андріївна,Чоловіча,02.04.1978,Інженер,селище Южноукраїнськ,"провулок Проїзний 3-й, буд. 289, Татарбунари, 60604",059 528 91 67,valentynakyrylenko@example.net
Гайдай,Назар,Андріївна,Чоловіча,26.01.1990,Програміст,селище Богодухів,"парк Волтона, буд. 97, Помічна, 23790",+380 (18) 014-46-73,sofiia14@example.com
Дашенко,Михайло,Андріївна,Чоловіча,26.09.1980,Адміністратор,хутір Комарно,"площа Лінія 30-та, буд. 76 кв. 62, Слов'янськ, 66558",+380 47 952 98 72,oadamenko@example.net
Христич,Онисим,Андріївна,Чоловіча,21.11.1976,Бухгалтер,хутір Горлівка,"шосе Проектна 2-га, буд. 73 кв. 715, Великі Мости, 72506",092 86 02,petrenkooksana@example.com
Габелко,Леонід,Андріївна,Чоловіча,05.03.1966,Бухгалтер,місто Тлумач,"проспект Академіка Липського, буд. 7 кв. 637, Дубно, 41190",+380 38 009-13-40,liza85@example.net
Дейнеко,Августин,Андріївна,Чоловіча,18.05.1946,Адміністратор,село Березне,"шосе Генерала Алмазова, буд. 2, Зугрес, 28972",024 677 98 29,vkorbut@example.com
Швачко,Теодор,Андріївна,Чоловіча,03.07.1977,Адміністратор,село Баштанка,"площа Садова 2-га, буд. 9, Стебник, 79898",090 444-79-32,stepanavdieienko@example.com
Щириця,Лукʼян,Андріївна,Чоловіча,30.04.1984,Менеджер,селище Підгайці,"набережна Станційна 2-га, буд. 92 кв. 92, Берегове, 74819",032 514-73-78,jshakhrai@example.com
Чуприна,Валерій,Андріївна,Чоловіча,23.09.1946,Програміст,село Горішні Плавні,"набережна Шостої 2-й, буд. 7 кв. 11, Яворів, 33502",090 614-35-07,okseniia09@example.net
Дубенко,Тимофій,Андріївна,Чоловіча,17.07.1970,Програміст,село Володимир-Волинський,"площа Лютеранський, буд. 00 кв. 48, Малин, 40014",023 714-60-03,geretastanislav@example.com
Примаченко,Леонтій,Андріївна,Чоловіча,08.02.1981,Бухгалтер,селище Сніжне,"провулок Лазурний 3-й, буд. 2, Вугледар, 01447",+380 10 669-61-39,borysriabovil@example.org
Бараник,Олесь,Андріївна,Чоловіча,30.07.1953,Програміст,місто Львів,"узвіз Кривобалківська, буд. 293 кв. 325, Білицьке, 81457",047 720-43-91,nataliiadrozdenko@example.net
Левченко,Марко,Андріївна,Чоловіча,20.03.1955,Програміст,місто Теплодар,"площа Тіниста, буд. 373, Шахтарськ, 86729",458 04 86,mykytapiddubnyi@example.com
Жайворон,Остап,Андріївна,Чоловіча,21.04.2006,Інженер,місто Подільськ,"узвіз Палубний, буд. 206 кв. 31, Сватове, 69144",+380 68 326 43 08,khrystynahaidenko@example.org
Тимченко,Трохим,Андріївна,Чоловіча,12.04.2001,Інженер,місто Кролевець,"узвіз Станційна 2-га, буд. 355 кв. 32, Євпаторія, 36607",084 142 72 24,yverkhovynets@example.com
Бабариченко,Назар,Андріївна,Чоловіча,11.01.1978,Бухгалтер,місто Одеса,"проспект Патріотична, буд. 439, Приморськ, 69726",+380 (74) 716-27-46,snizhanakhorishko@example.com
Щербак,Леонтій,Андріївна,Чоловіча,16.08.1966,Бухгалтер,селище Красилів,"сквер Маланова, буд. 1 кв. 150, Новоукраїнка, 89585",+380 66 992 37 17,bnosenko@example.com
Бебешко,Онисим,Андріївна,Чоловіча,01.08.2007,Бухгалтер,місто Довжанськ,"вулиця Тюльпанний, буд. 38 кв. 502, Копичинці, 48240",052 132-97-66,leonid42@example.com
Стець,Варфоломій,Андріївна,Чоловіча,16.03.1962,Менеджер,село Винники,"площа Юрія Асєєва, буд. 6 кв. 84, Багачеве, 44558",+380 (01) 050-21-22,ievtushokielysei@example.org
Єременко,Охрім,Андріївна,Чоловіча,06.12.1959,Бухгалтер,хутір Кривий Ріг,"вулиця Деревообробний 1-й, буд. 27 кв. 916, Кролевець, 46322",+380 13 699-12-82,myrondanyliuk@example.com
Забіла,Мартин,Андріївна,Чоловіча,18.01.1964,Бухгалтер,селище Любомль,"сквер Давида Бурлюка, буд. 499 кв. 58, Жмеринка, 22363",067 248-40-89,hsmyk@example.org
Чорновіл,Феофан,Андріївна,Чоловіча,08.10.1949,Адміністратор,місто Зоринськ,"провулок Дерибасівська, буд. 09 кв. 787, Бібрка, 14805",+380 80 609 78 31,odarahan@example.com
Ніколюк,Федір,Андріївна,Чоловіча,18.09.1956,Бухгалтер,хутір Соледар,"проспект Балтський 1-й, буд. 343 кв. 37, Ківерці, 63834",+380 00 787-86-50,sachenkovasyl@example.org
Скоробогатько,Микита,Андріївна,Чоловіча,10.06.1995,Програміст,місто Могилів-Подільський,"провулок Анатолія Бачинського, буд. 081, Канів, 45786",170-11-59,leon33@example.net
Дзиндра,Олег,Андріївна,Чоловіча,21.11.1960,Інженер,село Родинське,"вулиця Педагогічна, буд. 25 кв. 043, Золотоноша, 18367",336-75-01,korsunborys@example.org
Чуйко,Онисим,Андріївна,Чоловіча,11.06.1959,Програміст,місто Гуляйполе,"набережна Вокзальна, буд. 92 кв. 3, Луцьк, 90605",+380 61 701-79-50,vzhuravel@example.net
Шеремет,Богуслав,Андріївна,Чоловіча,08.03.1975,Адміністратор,селище Хутір-Михайлівський,"вулиця Заводська 4-та, буд. 36 кв. 4, Тетіїв, 20247",097 773 07 12,amvrosiitovstukha@example.com
Іванченко,Артем,Андріївна,Чоловіча,23.09.1992,Програміст,місто Гірське,"вулиця Валерія Лобановського, буд. 73, Самбір, 23535",+380 (86) 579-89-03,herman08@example.org
Якименко,Демид,Андріївна,Чоловіча,06.09.1974,Програміст,селище Рівне,"парк Курортний, буд. 911, Кропивницький, 81435",789 61 70,valerii23@example.com
Дуплій,Петро,Андріївна,Чоловіча,10.12.1950,Адміністратор,село Дружківка,"парк Лінія 48-ма, буд. 4 кв. 87, Березівка, 32295",043 646 05 99,barabashlukian@example.com
Притула,Степан,Андріївна,Чоловіча,16.03.1985,Бухгалтер,село Олевськ,"узвіз Балтський 7-й, буд. 50, Старий Самбір, 52021",+380 (80) 276-90-19,albert85@example.net
Шахрай,Віктор,Андріївна,Чоловіча,16.12.1990,Адміністратор,хутір Бровари,"шосе Пілотна, буд. 718 кв. 971, Євпаторія, 04836",+380 (83) 160-82-78,aleksiichukmaryna@example.com
Забара,Адам,Андріївна,Чоловіча,19.12.1966,Адміністратор,хутір Збараж,"набережна Бітумна, буд. 038, Ялта, 27103",062 764-07-37,kdubenko@example.com
Шамрай,Євген,Андріївна,Чоловіча,10.04.1990,Програміст,місто Ічня,"сквер Георгія Липського, буд. 502 кв. 412, Привілля, 35728",+380 31 066 21 94,ihnat61@example.com
Приходько,Богодар,Андріївна,Чоловіча,19.03.1963,Інженер,селище Сколе,"узвіз Ризька, буд. 3 кв. 447, Хутір-Михайлівський, 22441",+380 00 378 36 80,karpaalla@example.org
Тесленко,Кирило,Андріївна,Чоловіча,03.09.1952,Адміністратор,селище Березівка,"сквер Аеропортівський 1-й, буд. 0 кв. 246, Шептицький, 52668",+380 85 898 73 88,emiliia20@example.com
Гоголь-Яновський,Зорян,Андріївна,Чоловіча,05.12.1985,Адміністратор,місто Самбір,"парк Кавунова, буд. 14, Івано-Франківськ, 98795",+380 59 305-70-98,tymofiihaidamaka@example.com
Ейбоженко,Борислав,Андріївна,Чоловіча,07.08.1949,Менеджер,село Часів Яр,"узвіз Карпенка-Карого, буд. 710 кв. 4, Городенка, 07461",+380 61 089-22-43,iosypderiazhnyi@example.org
Ніколюк,Соломон,Андріївна,Чоловіча,10.06.1966,Інженер,село Турка,"вулиця Паркова, буд. 7 кв. 783, Борзна, 34534",482 99 06,cdzhun@example.com
Демиденко,Герман,Андріївна,Чоловіча,09.01.1956,Адміністратор,місто Жашків,"парк Шухевича Романа, буд. 68, Златопіль, 56581",+380 (67) 206-28-36,mmiroshnychenko@example.net
Москаль,Федір,Андріївна,Чоловіча,03.02.1961,Програміст,селище Тиврів,"парк Нечипуренка, буд. 212 кв. 9, Мала Виска, 24320",+380 75 630 82 49,trokhymfranko@example.com
Лесик,Роман,Андріївна,Чоловіча,08.04.1952,Бухгалтер,село Отаманівка,"вулиця Галини Могильницької, буд. 741 кв. 895, Дрогобич, 13542",+380 37 024-15-78,baranmaryna@example.net
Оніщук,Августин,Андріївна,Чоловіча,13.10.1999,Менеджер,селище Хотин,"площа Лузанівський 2-й, буд. 349 кв. 2, Черкаси, 19474",+380 (61) 958-18-22,albina34@example.org
Бабійчук,Веніямин,Андріївна,Чоловіча,18.01.1968,Бухгалтер,селище Яворів,"набережна Вітчизняна, буд. 012, Приморськ, 92951",097 667 04 56,vchekaliuk@example.com
